0,2019-11-17,"",1,send_sex_request_btn
0,2019-10-26,"",0,
0,2019-11-17,"",0,
0,2019-11-16,10024,1,accept_sex_request_btn
0,2019-11-16,10024,1,chatlist_bnr
0,2019-11-16,10024,0,
0,2019-09-12,1003677891,1,send_sex_request_btn
0,2019-09-11,1003677891,0,
0,2019-09-12,1003677891,0,
0,2019-11-20,11460,1,chat_invite
0,2019-11-20,11460,0,
0,2019-10-20,1174,2,accept_sex_request_btn
0,2019-10-24,1174,1,accept_sex_request_btn
0,2019-10-25,1174,1,accept_sex_request_btn
0,2019-10-27,1174,2,accept_sex_request_btn
0,2019-10-29,1174,1,accept_sex_request_btn
0,2019-10-30,1174,1,accept_sex_request_btn
0,2019-12-02,1174,1,accept_sex_request_btn
0,2019-12-04,1174,2,accept_sex_request_btn
0,2019-10-16,1174,2,chat_invite
0,2019-10-17,1174,2,chat_invite
0,2019-10-20,1174,1,chat_invite
0,2019-10-21,1174,3,chat_invite
0,2019-10-22,1174,2,chat_invite
0,2019-10-24,1174,1,chat_invite
0,2019-10-25,1174,1,chat_invite
0,2019-10-27,1174,1,chat_invite
0,2019-10-29,1174,1,chat_invite
0,2019-12-03,1174,1,chat_invite
0,2019-12-04,1174,1,chat_invite
0,2019-10-24,1174,1,chatlist_bnr
0,2019-10-27,1174,1,chatlist_bnr
0,2019-10-28,1174,1,chatlist_bnr
0,2019-10-21,1174,1,livecams
0,2019-10-26,1174,1,send_sex_request_btn
0,2019-11-03,1174,1,send_sex_request_btn
0,2019-11-30,1174,1,send_sex_request_btn
0,2019-10-09,1174,0,
0,2019-10-10,1174,0,
0,2019-10-15,1174,0,
0,2019-10-16,1174,0,
0,2019-10-17,1174,0,
0,2019-10-18,1174,0,
0,2019-10-19,1174,0,
0,2019-10-20,1174,0,
0,2019-10-21,1174,0,
0,2019-10-22,1174,0,
0,2019-10-23,1174,0,
0,2019-10-24,1174,0,
0,2019-10-25,1174,0,
0,2019-10-26,1174,0,
0,2019-10-27,1174,0,
0,2019-10-28,1174,0,
0,2019-10-29,1174,0,
0,2019-10-30,1174,0,
0,2019-11-02,1174,0,
0,2019-11-03,1174,0,
0,2019-11-04,1174,0,
0,2019-11-05,1174,0,
0,2019-11-08,1174,0,
0,2019-11-09,1174,0,
0,2019-11-10,1174,0,
0,2019-11-25,1174,0,
0,2019-11-29,1174,0,
0,2019-11-30,1174,0,
0,2019-12-01,1174,0,
0,2019-12-02,1174,0,
0,2019-12-03,1174,0,
0,2019-12-04,1174,0,
0,2019-11-11,12669,0,
0,2019-11-06,12915,0,
0,2019-10-03,13125,1,accept_sex_request_btn
0,2019-11-07,13125,2,accept_sex_request_btn
0,2019-11-08,13125,4,accept_sex_request_btn
0,2019-11-09,13125,5,accept_sex_request_btn
0,2019-11-10,13125,4,accept_sex_request_btn
0,2019-11-11,13125,6,accept_sex_request_btn
0,2019-11-12,13125,4,accept_sex_request_btn
0,2019-11-13,13125,8,accept_sex_request_btn
0,2019-11-14,13125,8,accept_sex_request_btn
0,2019-11-15,13125,8,accept_sex_request_btn
0,2019-11-16,13125,12,accept_sex_request_btn
0,2019-11-17,13125,10,accept_sex_request_btn
0,2019-11-18,13125,13,accept_sex_request_btn
0,2019-11-19,13125,11,accept_sex_request_btn
0,2019-11-20,13125,5,accept_sex_request_btn
0,2019-11-21,13125,7,accept_sex_request_btn
0,2019-11-22,13125,7,accept_sex_request_btn
0,2019-11-23,13125,7,accept_sex_request_btn
0,2019-11-24,13125,3,accept_sex_request_btn
0,2019-11-25,13125,9,accept_sex_request_btn
0,2019-11-26,13125,16,accept_sex_request_btn
0,2019-11-27,13125,10,accept_sex_request_btn
0,2019-11-28,13125,7,accept_sex_request_btn
0,2019-11-29,13125,10,accept_sex_request_btn
0,2019-11-30,13125,8,accept_sex_request_btn
0,2019-12-01,13125,15,accept_sex_request_btn
0,2019-12-02,13125,6,accept_sex_request_btn
0,2019-12-03,13125,6,accept_sex_request_btn
0,2019-12-04,13125,3,accept_sex_request_btn
0,2019-09-26,13125,1,chat_invite
0,2019-09-30,13125,1,chat_invite
0,2019-10-21,13125,1,chat_invite
0,2019-10-28,13125,1,chat_invite
0,2019-10-29,13125,1,chat_invite
0,2019-11-07,13125,1,chat_invite
0,2019-11-08,13125,2,chat_invite
0,2019-11-09,13125,1,chat_invite
0,2019-11-10,13125,2,chat_invite
0,2019-11-11,13125,8,chat_invite
0,2019-11-12,13125,8,chat_invite
0,2019-11-13,13125,9,chat_invite
0,2019-11-14,13125,8,chat_invite
0,2019-11-15,13125,4,chat_invite
0,2019-11-16,13125,8,chat_invite
0,2019-11-17,13125,12,chat_invite
0,2019-11-18,13125,7,chat_invite
0,2019-11-19,13125,2,chat_invite
0,2019-11-20,13125,6,chat_invite
0,2019-11-21,13125,9,chat_invite
0,2019-11-22,13125,3,chat_invite
0,2019-11-23,13125,13,chat_invite
0,2019-11-24,13125,9,chat_invite
0,2019-11-25,13125,4,chat_invite
0,2019-11-26,13125,12,chat_invite
0,2019-11-27,13125,14,chat_invite
0,2019-11-28,13125,5,chat_invite
0,2019-11-29,13125,6,chat_invite
0,2019-11-30,13125,8,chat_invite
0,2019-12-01,13125,17,chat_invite
0,2019-12-02,13125,10,chat_invite
0,2019-12-03,13125,11,chat_invite
0,2019-12-04,13125,5,chat_invite
0,2019-09-27,13125,1,chatlist_bnr
0,2019-10-02,13125,1,chatlist_bnr
0,2019-11-08,13125,1,chatlist_bnr
0,2019-11-09,13125,1,chatlist_bnr
0,2019-11-10,13125,3,chatlist_bnr
0,2019-11-11,13125,1,chatlist_bnr
0,2019-11-14,13125,2,chatlist_bnr
0,2019-11-15,13125,3,chatlist_bnr
0,2019-11-16,13125,4,chatlist_bnr
0,2019-11-17,13125,4,chatlist_bnr
0,2019-11-18,13125,3,chatlist_bnr
0,2019-11-19,13125,3,chatlist_bnr
0,2019-11-20,13125,5,chatlist_bnr
0,2019-11-21,13125,8,chatlist_bnr
0,2019-11-22,13125,1,chatlist_bnr
0,2019-11-23,13125,4,chatlist_bnr
0,2019-11-24,13125,3,chatlist_bnr
0,2019-11-25,13125,2,chatlist_bnr
0,2019-11-26,13125,2,chatlist_bnr
0,2019-11-27,13125,9,chatlist_bnr
0,2019-11-28,13125,5,chatlist_bnr
0,2019-11-29,13125,4,chatlist_bnr
0,2019-11-30,13125,1,chatlist_bnr
0,2019-12-01,13125,3,chatlist_bnr
0,2019-12-02,13125,3,chatlist_bnr
0,2019-12-03,13125,1,chatlist_bnr
0,2019-12-04,13125,2,chatlist_bnr
0,2019-11-08,13125,1,livecams
0,2019-11-11,13125,1,livecams
0,2019-11-16,13125,1,livecams
0,2019-11-24,13125,2,livecams
0,2019-11-30,13125,1,livecams
0,2019-12-01,13125,1,livecams
0,2019-09-30,13125,1,send_sex_request_btn
0,2019-11-07,13125,3,send_sex_request_btn
0,2019-11-08,13125,9,send_sex_request_btn
0,2019-11-09,13125,2,send_sex_request_btn
0,2019-11-10,13125,2,send_sex_request_btn
0,2019-11-11,13125,5,send_sex_request_btn
0,2019-11-12,13125,6,send_sex_request_btn
0,2019-11-13,13125,4,send_sex_request_btn
0,2019-11-14,13125,10,send_sex_request_btn
0,2019-11-15,13125,6,send_sex_request_btn
0,2019-11-16,13125,17,send_sex_request_btn
0,2019-11-17,13125,3,send_sex_request_btn
0,2019-11-18,13125,7,send_sex_request_btn
0,2019-11-19,13125,4,send_sex_request_btn
0,2019-11-20,13125,4,send_sex_request_btn
0,2019-11-21,13125,12,send_sex_request_btn
0,2019-11-22,13125,8,send_sex_request_btn
0,2019-11-23,13125,10,send_sex_request_btn
0,2019-11-24,13125,8,send_sex_request_btn
0,2019-11-25,13125,6,send_sex_request_btn
0,2019-11-26,13125,6,send_sex_request_btn
0,2019-11-27,13125,7,send_sex_request_btn
0,2019-11-28,13125,5,send_sex_request_btn
0,2019-11-29,13125,6,send_sex_request_btn
0,2019-11-30,13125,6,send_sex_request_btn
0,2019-12-01,13125,9,send_sex_request_btn
0,2019-12-02,13125,6,send_sex_request_btn
0,2019-12-03,13125,7,send_sex_request_btn
0,2019-12-04,13125,2,send_sex_request_btn
0,2019-09-24,13125,0,
0,2019-09-25,13125,0,
0,2019-09-26,13125,0,
0,2019-09-27,13125,0,
0,2019-09-28,13125,0,
0,2019-09-30,13125,0,
0,2019-10-02,13125,0,
0,2019-10-03,13125,0,
0,2019-10-16,13125,0,
0,2019-10-29,13125,0,
0,2019-11-04,13125,0,
0,2019-11-05,13125,0,
0,2019-11-07,13125,0,
0,2019-11-08,13125,0,
0,2019-11-09,13125,0,
0,2019-11-10,13125,0,
0,2019-11-11,13125,0,
0,2019-11-12,13125,0,
0,2019-11-13,13125,0,
0,2019-11-14,13125,0,
0,2019-11-15,13125,0,
0,2019-11-16,13125,0,
0,2019-11-17,13125,0,
0,2019-11-18,13125,0,
0,2019-11-19,13125,0,
0,2019-11-20,13125,0,
0,2019-11-21,13125,0,
0,2019-11-22,13125,0,
0,2019-11-23,13125,0,
0,2019-11-24,13125,0,
0,2019-11-25,13125,0,
0,2019-11-26,13125,0,
0,2019-11-27,13125,0,
0,2019-11-28,13125,0,
0,2019-11-29,13125,0,
0,2019-11-30,13125,0,
0,2019-12-01,13125,0,
0,2019-12-02,13125,0,
0,2019-12-03,13125,0,
0,2019-12-04,13125,0,
0,2019-10-24,16541,1,accept_sex_request_btn
0,2019-10-26,16675,1,accept_sex_request_btn
0,2019-10-31,16675,5,accept_sex_request_btn
0,2019-11-01,16675,1,accept_sex_request_btn
0,2019-11-03,16675,1,accept_sex_request_btn
0,2019-11-16,16675,1,accept_sex_request_btn
0,2019-11-17,16675,1,accept_sex_request_btn
0,2019-10-31,16675,1,chat_invite
0,2019-11-05,16675,1,chat_invite
0,2019-11-14,16675,1,chat_invite
0,2019-11-16,16675,1,chat_invite
0,2019-10-31,16675,3,chatlist_bnr
0,2019-11-03,16675,1,chatlist_bnr
0,2019-11-05,16675,1,chatlist_bnr
0,2019-11-03,16675,1,livecams
0,2019-11-17,16675,1,livecams
0,2019-10-22,16675,1,send_sex_request_btn
0,2019-10-31,16675,1,send_sex_request_btn
0,2019-11-03,16675,1,send_sex_request_btn
0,2019-11-04,16675,1,send_sex_request_btn
0,2019-10-22,16675,0,
0,2019-10-23,16675,0,
0,2019-10-26,16675,0,
0,2019-10-29,16675,0,
0,2019-10-31,16675,0,
0,2019-11-03,16675,0,
0,2019-11-04,16675,0,
0,2019-11-05,16675,0,
0,2019-11-06,16675,0,
0,2019-11-07,16675,0,
0,2019-11-10,16675,0,
0,2019-11-14,16675,0,
0,2019-11-15,16675,0,
0,2019-11-16,16675,0,
0,2019-11-17,16675,0,
0,2019-11-18,16675,0,
0,2019-11-19,16675,0,
0,2019-11-21,16675,0,
0,2019-11-25,16675,0,
0,2019-11-28,16675,0,
0,2019-12-04,16675,0,
0,2019-09-28,16701,1,accept_sex_request_btn
0,2019-10-02,16701,1,accept_sex_request_btn
0,2019-10-04,16701,5,accept_sex_request_btn
0,2019-10-05,16701,3,accept_sex_request_btn
0,2019-10-06,16701,2,accept_sex_request_btn
0,2019-10-07,16701,1,accept_sex_request_btn
0,2019-10-08,16701,1,accept_sex_request_btn
0,2019-10-09,16701,2,accept_sex_request_btn
0,2019-10-10,16701,3,accept_sex_request_btn
0,2019-10-11,16701,4,accept_sex_request_btn
0,2019-10-12,16701,2,accept_sex_request_btn
0,2019-10-13,16701,5,accept_sex_request_btn
0,2019-10-14,16701,1,accept_sex_request_btn
0,2019-10-15,16701,2,accept_sex_request_btn
0,2019-10-16,16701,4,accept_sex_request_btn
0,2019-10-17,16701,5,accept_sex_request_btn
0,2019-10-21,16701,2,accept_sex_request_btn
0,2019-10-22,16701,1,accept_sex_request_btn
0,2019-11-04,16701,2,accept_sex_request_btn
0,2019-11-05,16701,1,accept_sex_request_btn
0,2019-11-06,16701,2,accept_sex_request_btn
0,2019-10-03,16701,1,chat_invite
0,2019-10-04,16701,3,chat_invite
0,2019-10-05,16701,6,chat_invite
0,2019-10-06,16701,1,chat_invite
0,2019-10-07,16701,1,chat_invite
0,2019-10-08,16701,1,chat_invite
0,2019-10-09,16701,3,chat_invite
0,2019-10-10,16701,4,chat_invite
0,2019-10-11,16701,1,chat_invite
0,2019-10-13,16701,2,chat_invite
0,2019-10-14,16701,1,chat_invite
0,2019-10-15,16701,2,chat_invite
0,2019-10-16,16701,1,chat_invite
0,2019-10-17,16701,4,chat_invite
0,2019-10-18,16701,1,chat_invite
0,2019-10-22,16701,1,chat_invite
0,2019-11-04,16701,1,chat_invite
0,2019-11-05,16701,2,chat_invite
0,2019-11-06,16701,2,chat_invite
0,2019-11-07,16701,1,chat_invite
0,2019-09-30,16701,1,chatlist_bnr
0,2019-10-03,16701,3,chatlist_bnr
0,2019-10-04,16701,1,chatlist_bnr
0,2019-10-06,16701,1,chatlist_bnr
0,2019-10-07,16701,1,chatlist_bnr
0,2019-10-09,16701,1,chatlist_bnr
0,2019-10-13,16701,1,chatlist_bnr
0,2019-10-15,16701,1,chatlist_bnr
0,2019-10-16,16701,1,chatlist_bnr
0,2019-10-18,16701,2,chatlist_bnr
0,2019-09-28,16701,1,send_sex_request_btn
0,2019-09-30,16701,2,send_sex_request_btn
0,2019-10-03,16701,2,send_sex_request_btn
0,2019-10-04,16701,2,send_sex_request_btn
0,2019-10-05,16701,1,send_sex_request_btn
0,2019-10-07,16701,1,send_sex_request_btn
0,2019-10-16,16701,2,send_sex_request_btn
0,2019-10-18,16701,2,send_sex_request_btn
0,2019-10-21,16701,1,send_sex_request_btn
0,2019-11-04,16701,2,send_sex_request_btn
0,2019-09-26,16701,0,
0,2019-09-28,16701,0,
0,2019-09-29,16701,0,
0,2019-09-30,16701,0,
0,2019-10-01,16701,0,
0,2019-10-02,16701,0,
0,2019-10-03,16701,0,
0,2019-10-04,16701,0,
0,2019-10-05,16701,0,
0,2019-10-06,16701,0,
0,2019-10-07,16701,0,
0,2019-10-08,16701,0,
0,2019-10-09,16701,0,
0,2019-10-10,16701,0,
0,2019-10-11,16701,0,
0,2019-10-12,16701,0,
0,2019-10-13,16701,0,
0,2019-10-14,16701,0,
0,2019-10-15,16701,0,
0,2019-10-16,16701,0,
0,2019-10-17,16701,0,
0,2019-10-18,16701,0,
0,2019-10-21,16701,0,
0,2019-10-22,16701,0,
0,2019-11-04,16701,0,
0,2019-11-05,16701,0,
0,2019-11-06,16701,0,
0,2019-11-07,16701,0,
0,2019-11-08,16701,0,
0,2019-11-11,17217,2,accept_sex_request_btn
0,2019-12-01,17217,1,accept_sex_request_btn
0,2019-11-30,17217,1,chat_invite
0,2019-11-30,17217,1,send_sex_request_btn
0,2019-11-10,17217,0,
0,2019-11-11,17217,0,
0,2019-11-25,17217,0,
0,2019-11-30,17217,0,
0,2019-12-01,17217,0,
0,2019-12-02,17217,0,
0,2019-12-03,17217,0,
0,2019-11-12,17949,0,
0,2019-11-16,17949,0,
0,2019-10-23,18001,1,accept_sex_request_btn
0,2019-10-28,18001,1,accept_sex_request_btn
0,2019-11-04,18001,1,accept_sex_request_btn
0,2019-11-06,18001,1,accept_sex_request_btn
0,2019-11-08,18001,1,accept_sex_request_btn
0,2019-11-14,18001,2,accept_sex_request_btn
0,2019-11-20,18001,1,accept_sex_request_btn
0,2019-11-26,18001,2,accept_sex_request_btn
0,2019-11-27,18001,2,accept_sex_request_btn
0,2019-11-28,18001,1,accept_sex_request_btn
0,2019-11-30,18001,1,accept_sex_request_btn
0,2019-12-02,18001,2,accept_sex_request_btn
0,2019-12-03,18001,1,accept_sex_request_btn
0,2019-10-28,18001,2,chat_invite
0,2019-11-04,18001,2,chat_invite
0,2019-11-07,18001,1,chat_invite
0,2019-11-09,18001,1,chat_invite
0,2019-11-12,18001,2,chat_invite
0,2019-11-20,18001,2,chat_invite
0,2019-11-21,18001,1,chat_invite
0,2019-11-22,18001,2,chat_invite
0,2019-11-23,18001,1,chat_invite
0,2019-11-24,18001,1,chat_invite
0,2019-11-29,18001,1,chat_invite
0,2019-11-30,18001,1,chat_invite
0,2019-12-02,18001,3,chat_invite
0,2019-10-26,18001,1,chatlist_bnr
0,2019-11-04,18001,1,chatlist_bnr
0,2019-11-09,18001,1,chatlist_bnr
0,2019-11-21,18001,1,chatlist_bnr
0,2019-10-23,18001,1,livecams
0,2019-11-27,18001,1,livecams
0,2019-11-04,18001,1,send_sex_request_btn
0,2019-11-07,18001,1,send_sex_request_btn
0,2019-11-13,18001,1,send_sex_request_btn
0,2019-11-20,18001,1,send_sex_request_btn
0,2019-11-21,18001,1,send_sex_request_btn
0,2019-11-24,18001,1,send_sex_request_btn
0,2019-10-23,18001,0,
0,2019-10-24,18001,0,
0,2019-10-25,18001,0,
0,2019-10-26,18001,0,
0,2019-10-28,18001,0,
0,2019-10-29,18001,0,
0,2019-10-30,18001,0,
0,2019-10-31,18001,0,
0,2019-11-01,18001,0,
0,2019-11-02,18001,0,
0,2019-11-03,18001,0,
0,2019-11-04,18001,0,
0,2019-11-05,18001,0,
0,2019-11-06,18001,0,
0,2019-11-07,18001,0,
0,2019-11-08,18001,0,
0,2019-11-09,18001,0,
0,2019-11-10,18001,0,
0,2019-11-13,18001,0,
0,2019-11-14,18001,0,
0,2019-11-20,18001,0,
0,2019-11-21,18001,0,
0,2019-11-22,18001,0,
0,2019-11-23,18001,0,
0,2019-11-24,18001,0,
0,2019-11-25,18001,0,
0,2019-11-26,18001,0,
0,2019-11-27,18001,0,
0,2019-11-28,18001,0,
0,2019-11-29,18001,0,
0,2019-11-30,18001,0,
0,2019-12-01,18001,0,
0,2019-12-02,18001,0,
0,2019-12-03,18001,0,
0,2019-12-04,18001,0,
0,2019-11-09,19287,1,accept_sex_request_btn
0,2019-11-16,19287,1,accept_sex_request_btn
0,2019-11-07,19287,1,chat_invite
0,2019-11-09,19287,1,chat_invite
0,2019-11-11,19287,1,chat_invite
0,2019-11-07,19287,0,
0,2019-11-09,19287,0,
0,2019-11-10,19287,0,
0,2019-11-16,19287,0,
0,2019-11-17,19287,0,
0,2019-11-18,19287,0,
0,2019-11-21,19287,0,
0,2019-11-30,2022,0,
0,2019-11-20,21643,1,accept_sex_request_btn
0,2019-09-06,2223,0,
0,2019-11-06,22974,1,accept_sex_request_btn
0,2019-11-17,22974,1,livecams
0,2019-11-20,22974,0,
0,2019-10-22,23342,0,
0,2019-10-23,23342,0,
0,2019-11-17,23657,0,
0,2019-10-04,24941,1,accept_sex_request_btn
0,2019-10-05,24941,1,accept_sex_request_btn
0,2019-10-06,24941,2,accept_sex_request_btn
0,2019-10-09,24941,2,accept_sex_request_btn
0,2019-10-13,24941,1,accept_sex_request_btn
0,2019-10-21,24941,1,accept_sex_request_btn
0,2019-10-24,24941,1,accept_sex_request_btn
0,2019-10-25,24941,1,accept_sex_request_btn
0,2019-10-26,24941,1,accept_sex_request_btn
0,2019-11-01,24941,1,accept_sex_request_btn
0,2019-11-02,24941,1,accept_sex_request_btn
0,2019-11-03,24941,1,accept_sex_request_btn
0,2019-11-04,24941,1,accept_sex_request_btn
0,2019-11-05,24941,1,accept_sex_request_btn
0,2019-11-06,24941,1,accept_sex_request_btn
0,2019-10-02,24941,1,chat_invite
0,2019-10-04,24941,1,chat_invite
0,2019-10-11,24941,1,chat_invite
0,2019-10-12,24941,1,chat_invite
0,2019-10-15,24941,3,chat_invite
0,2019-10-19,24941,1,chat_invite
0,2019-10-21,24941,1,chat_invite
0,2019-10-22,24941,3,chat_invite
0,2019-10-24,24941,2,chat_invite
0,2019-10-25,24941,2,chat_invite
0,2019-10-26,24941,1,chat_invite
0,2019-10-28,24941,1,chat_invite
0,2019-10-29,24941,1,chat_invite
0,2019-10-30,24941,1,chat_invite
0,2019-10-31,24941,1,chat_invite
0,2019-11-05,24941,1,chat_invite
0,2019-11-11,24941,1,chat_invite
0,2019-10-03,24941,1,chatlist_bnr
0,2019-10-05,24941,1,chatlist_bnr
0,2019-10-08,24941,1,chatlist_bnr
0,2019-10-10,24941,1,chatlist_bnr
0,2019-10-27,24941,1,chatlist_bnr
0,2019-10-30,24941,1,chatlist_bnr
0,2019-10-28,24941,1,livecams
0,2019-11-03,24941,1,livecams
0,2019-10-02,24941,1,send_sex_request_btn
0,2019-10-07,24941,2,send_sex_request_btn
0,2019-10-08,24941,3,send_sex_request_btn
0,2019-10-13,24941,1,send_sex_request_btn
0,2019-10-15,24941,1,send_sex_request_btn
0,2019-10-20,24941,1,send_sex_request_btn
0,2019-10-24,24941,1,send_sex_request_btn
0,2019-10-25,24941,1,send_sex_request_btn
0,2019-10-28,24941,2,send_sex_request_btn
0,2019-10-30,24941,1,send_sex_request_btn
0,2019-11-01,24941,1,send_sex_request_btn
0,2019-10-02,24941,0,
0,2019-10-03,24941,0,
0,2019-10-04,24941,0,
0,2019-10-05,24941,0,
0,2019-10-06,24941,0,
0,2019-10-07,24941,0,
0,2019-10-08,24941,0,
0,2019-10-09,24941,0,
0,2019-10-10,24941,0,
0,2019-10-11,24941,0,
0,2019-10-12,24941,0,
0,2019-10-13,24941,0,
0,2019-10-14,24941,0,
0,2019-10-15,24941,0,
0,2019-10-16,24941,0,
0,2019-10-17,24941,0,
0,2019-10-18,24941,0,
0,2019-10-19,24941,0,
0,2019-10-20,24941,0,
0,2019-10-21,24941,0,
0,2019-10-22,24941,0,
0,2019-10-23,24941,0,
0,2019-10-24,24941,0,
0,2019-10-25,24941,0,
0,2019-10-26,24941,0,
0,2019-10-27,24941,0,
0,2019-10-28,24941,0,
0,2019-10-29,24941,0,
0,2019-10-30,24941,0,
0,2019-10-31,24941,0,
0,2019-11-01,24941,0,
0,2019-11-02,24941,0,
0,2019-11-03,24941,0,
0,2019-11-04,24941,0,
0,2019-11-05,24941,0,
0,2019-11-06,24941,0,
0,2019-11-07,24941,0,
0,2019-11-08,24941,0,
0,2019-11-09,24941,0,
0,2019-11-10,24941,0,
0,2019-11-11,24941,0,
0,2019-11-12,24941,0,
0,2019-11-20,24941,0,
0,2019-12-03,24941,0,
0,2019-10-23,25445,3,accept_sex_request_btn
0,2019-10-24,25445,3,accept_sex_request_btn
0,2019-11-09,25445,1,accept_sex_request_btn
0,2019-10-22,25445,1,chat_invite
0,2019-10-23,25445,1,chat_invite
0,2019-10-24,25445,1,chat_invite
0,2019-10-25,25445,1,chat_invite
0,2019-10-21,25445,1,send_sex_request_btn
0,2019-10-22,25445,1,send_sex_request_btn
0,2019-10-24,25445,1,send_sex_request_btn
0,2019-10-26,25445,1,send_sex_request_btn
0,2019-10-21,25445,0,
0,2019-10-22,25445,0,
0,2019-10-23,25445,0,
0,2019-10-25,25445,0,
0,2019-11-03,25445,0,
0,2019-11-04,25445,0,
0,2019-10-06,26806,1,accept_sex_request_btn
0,2019-10-10,26806,1,accept_sex_request_btn
0,2019-10-11,26806,1,accept_sex_request_btn
0,2019-10-18,26806,1,accept_sex_request_btn
0,2019-10-22,26806,1,accept_sex_request_btn
0,2019-10-23,26806,1,accept_sex_request_btn
0,2019-10-29,26806,1,accept_sex_request_btn
0,2019-11-05,26806,1,accept_sex_request_btn
0,2019-10-03,26806,2,chat_invite
0,2019-10-11,26806,1,chat_invite
0,2019-10-13,26806,1,chat_invite
0,2019-10-21,26806,2,chat_invite
0,2019-10-24,26806,1,chat_invite
0,2019-10-29,26806,2,chat_invite
0,2019-10-17,26806,1,chatlist_bnr
0,2019-10-03,26806,1,send_sex_request_btn
0,2019-10-06,26806,1,send_sex_request_btn
0,2019-10-11,26806,2,send_sex_request_btn
0,2019-10-16,26806,1,send_sex_request_btn
0,2019-10-23,26806,1,send_sex_request_btn
0,2019-10-26,26806,1,send_sex_request_btn
0,2019-09-25,26806,0,
0,2019-09-30,26806,0,
0,2019-10-02,26806,0,
0,2019-10-03,26806,0,
0,2019-10-04,26806,0,
0,2019-10-05,26806,0,
0,2019-10-06,26806,0,
0,2019-10-07,26806,0,
0,2019-10-08,26806,0,
0,2019-10-09,26806,0,
0,2019-10-10,26806,0,
0,2019-10-11,26806,0,
0,2019-10-12,26806,0,
0,2019-10-14,26806,0,
0,2019-10-17,26806,0,
0,2019-10-19,26806,0,
0,2019-10-20,26806,0,
0,2019-10-22,26806,0,
0,2019-10-23,26806,0,
0,2019-10-24,26806,0,
0,2019-10-26,26806,0,
0,2019-10-28,26806,0,
0,2019-10-30,26806,0,
0,2019-10-31,26806,0,
0,2019-11-01,26806,0,
0,2019-11-02,26806,0,
0,2019-11-03,26806,0,
0,2019-11-05,26806,0,
0,2019-11-06,26806,0,
0,2019-11-07,26806,0,
0,2019-11-09,27966,1,send_sex_request_btn
0,2019-11-09,27966,0,
0,2019-11-04,28222,1,accept_sex_request_btn
0,2019-11-07,28430,1,send_sex_request_btn
0,2019-10-14,28430,0,
0,2019-11-17,28430,0,
0,2019-11-10,28572,0,
0,2019-11-14,28942,1,accept_sex_request_btn
0,2019-11-15,28942,1,accept_sex_request_btn
0,2019-11-17,28942,1,accept_sex_request_btn
0,2019-11-18,28942,2,accept_sex_request_btn
0,2019-11-20,28942,1,accept_sex_request_btn
0,2019-11-29,28942,1,accept_sex_request_btn
0,2019-12-02,28942,1,accept_sex_request_btn
0,2019-11-14,28942,2,chat_invite
0,2019-11-17,28942,2,chat_invite
0,2019-11-21,28942,1,chat_invite
0,2019-11-23,28942,1,chat_invite
0,2019-11-08,28942,1,chatlist_bnr
0,2019-11-14,28942,2,chatlist_bnr
0,2019-11-17,28942,3,chatlist_bnr
0,2019-11-20,28942,1,chatlist_bnr
0,2019-11-14,28942,1,livecams
0,2019-11-25,28942,1,livecams
0,2019-11-14,28942,1,send_sex_request_btn
0,2019-11-16,28942,1,send_sex_request_btn
0,2019-11-17,28942,2,send_sex_request_btn
0,2019-12-03,28942,1,send_sex_request_btn
0,2019-12-04,28942,1,send_sex_request_btn
0,2019-11-04,28942,0,
0,2019-11-07,28942,0,
0,2019-11-08,28942,0,
0,2019-11-09,28942,0,
0,2019-11-13,28942,0,
0,2019-11-14,28942,0,
0,2019-11-15,28942,0,
0,2019-11-16,28942,0,
0,2019-11-17,28942,0,
0,2019-11-18,28942,0,
0,2019-11-19,28942,0,
0,2019-11-20,28942,0,
0,2019-11-21,28942,0,
0,2019-11-22,28942,0,
0,2019-11-23,28942,0,
0,2019-11-24,28942,0,
0,2019-11-25,28942,0,
0,2019-11-26,28942,0,
0,2019-11-28,28942,0,
0,2019-11-29,28942,0,
0,2019-11-30,28942,0,
0,2019-12-01,28942,0,
0,2019-12-02,28942,0,
0,2019-12-03,28942,0,
0,2019-11-07,29365,2,accept_sex_request_btn
0,2019-11-06,29365,1,chat_invite
0,2019-11-11,29365,0,
0,2019-11-15,29365,0,
0,2019-10-25,29555,0,
0,2019-11-18,29592,1,accept_sex_request_btn
0,2019-11-21,29592,1,livecams
0,2019-09-28,29592,0,
0,2019-09-30,29592,0,
0,2019-10-01,29592,0,
0,2019-10-02,29592,0,
0,2019-10-05,29592,0,
0,2019-10-10,29592,0,
0,2019-10-22,29592,0,
0,2019-10-23,29592,0,
0,2019-11-05,29592,0,
0,2019-11-09,29592,0,
0,2019-11-15,29592,0,
0,2019-11-18,29592,0,
0,2019-11-19,29592,0,
0,2019-11-21,29592,0,
0,2019-12-02,29642,1,send_sex_request_btn
0,2019-12-03,29642,0,
0,2019-11-05,29788,1,accept_sex_request_btn
0,2019-11-05,29788,1,chat_invite
0,2019-11-04,29788,0,
0,2019-11-05,29788,0,
0,2019-11-05,29790,0,
0,2019-11-06,29790,0,
0,2019-10-17,29864,0,
0,2019-11-06,30697,2,accept_sex_request_btn
0,2019-11-15,30697,3,accept_sex_request_btn
0,2019-11-16,30697,3,accept_sex_request_btn
0,2019-11-17,30697,4,accept_sex_request_btn
0,2019-11-18,30697,2,accept_sex_request_btn
0,2019-11-06,30697,3,chat_invite
0,2019-11-15,30697,1,chat_invite
0,2019-11-16,30697,2,chat_invite
0,2019-11-17,30697,1,chat_invite
0,2019-11-18,30697,3,chat_invite
0,2019-11-17,30697,4,chatlist_bnr
0,2019-11-18,30697,2,chatlist_bnr
0,2019-11-05,30697,1,livecams
0,2019-11-06,30697,1,send_sex_request_btn
0,2019-11-15,30697,1,send_sex_request_btn
0,2019-11-17,30697,2,send_sex_request_btn
0,2019-11-18,30697,2,send_sex_request_btn
0,2019-11-19,30697,1,send_sex_request_btn
0,2019-11-05,30697,0,
0,2019-11-06,30697,0,
0,2019-11-15,30697,0,
0,2019-11-16,30697,0,
0,2019-11-17,30697,0,
0,2019-11-18,30697,0,
0,2019-11-19,30697,0,
0,2019-11-20,30697,0,
0,2019-11-21,30697,0,
0,2019-09-20,310,1,accept_sex_request_btn
0,2019-10-03,310,1,accept_sex_request_btn
0,2019-10-14,310,1,accept_sex_request_btn
0,2019-10-30,310,1,accept_sex_request_btn
0,2019-11-03,310,1,accept_sex_request_btn
0,2019-11-14,310,1,accept_sex_request_btn
0,2019-11-21,310,1,accept_sex_request_btn
0,2019-11-30,310,4,accept_sex_request_btn
0,2019-12-01,310,2,accept_sex_request_btn
0,2019-12-02,310,1,accept_sex_request_btn
0,2019-09-02,310,1,chat_invite
0,2019-09-15,310,1,chat_invite
0,2019-10-07,310,1,chat_invite
0,2019-11-15,310,1,chat_invite
0,2019-11-24,310,1,chat_invite
0,2019-11-25,310,1,chat_invite
0,2019-11-29,310,1,chat_invite
0,2019-12-01,310,2,chat_invite
0,2019-09-02,310,1,chatlist_bnr
0,2019-10-03,310,1,chatlist_bnr
0,2019-10-17,310,1,chatlist_bnr
0,2019-11-02,310,1,chatlist_bnr
0,2019-11-10,310,1,chatlist_bnr
0,2019-11-30,310,2,chatlist_bnr
0,2019-09-04,310,1,send_sex_request_btn
0,2019-09-08,310,1,send_sex_request_btn
0,2019-09-30,310,1,send_sex_request_btn
0,2019-10-11,310,1,send_sex_request_btn
0,2019-11-30,310,1,send_sex_request_btn
0,2019-12-01,310,1,send_sex_request_btn
0,2019-09-01,310,0,
0,2019-09-05,310,0,
0,2019-09-08,310,0,
0,2019-09-10,310,0,
0,2019-09-14,310,0,
0,2019-09-22,310,0,
0,2019-09-24,310,0,
0,2019-10-03,310,0,
0,2019-10-05,310,0,
0,2019-10-07,310,0,
0,2019-10-09,310,0,
0,2019-10-10,310,0,
0,2019-10-12,310,0,
0,2019-10-14,310,0,
0,2019-10-17,310,0,
0,2019-10-18,310,0,
0,2019-10-19,310,0,
0,2019-10-20,310,0,
0,2019-10-27,310,0,
0,2019-10-30,310,0,
0,2019-11-08,310,0,
0,2019-11-10,310,0,
0,2019-11-11,310,0,
0,2019-11-13,310,0,
0,2019-11-14,310,0,
0,2019-11-15,310,0,
0,2019-11-17,310,0,
0,2019-11-20,310,0,
0,2019-11-23,310,0,
0,2019-11-28,310,0,
0,2019-11-30,310,0,
0,2019-12-03,310,0,
0,2019-09-19,3102021,1,accept_sex_request_btn
0,2019-09-25,3102021,1,accept_sex_request_btn
0,2019-10-16,3102021,1,accept_sex_request_btn
0,2019-10-18,3102021,1,accept_sex_request_btn
0,2019-10-21,3102021,1,accept_sex_request_btn
0,2019-11-07,3102021,1,accept_sex_request_btn
0,2019-10-21,3102021,1,chat_invite
0,2019-11-25,3102021,1,chat_invite
0,2019-11-27,3102021,1,chat_invite
0,2019-10-02,3102021,1,send_sex_request_btn
0,2019-10-16,3102021,1,send_sex_request_btn
0,2019-10-21,3102021,1,send_sex_request_btn
0,2019-09-19,3102021,0,
0,2019-09-26,3102021,0,
0,2019-09-28,3102021,0,
0,2019-10-04,3102021,0,
0,2019-10-06,3102021,0,
0,2019-10-10,3102021,0,
0,2019-10-15,3102021,0,
0,2019-10-16,3102021,0,
0,2019-10-17,3102021,0,
0,2019-10-18,3102021,0,
0,2019-10-19,3102021,0,
0,2019-10-21,3102021,0,
0,2019-10-23,3102021,0,
0,2019-10-25,3102021,0,
0,2019-10-26,3102021,0,
0,2019-10-27,3102021,0,
0,2019-10-30,3102021,0,
0,2019-11-03,3102021,0,
0,2019-11-08,3102021,0,
0,2019-11-12,3102021,0,
0,2019-11-14,3102021,0,
0,2019-11-18,3102021,0,
0,2019-11-19,3102021,0,
0,2019-11-22,3102021,0,
0,2019-11-25,3102021,0,
0,2019-10-07,31044,1,accept_sex_request_btn
0,2019-10-08,31044,4,accept_sex_request_btn
0,2019-10-09,31044,2,accept_sex_request_btn
0,2019-10-10,31044,3,accept_sex_request_btn
0,2019-10-13,31044,2,accept_sex_request_btn
0,2019-10-14,31044,3,accept_sex_request_btn
0,2019-10-15,31044,1,accept_sex_request_btn
0,2019-10-16,31044,2,accept_sex_request_btn
0,2019-10-19,31044,1,accept_sex_request_btn
0,2019-10-20,31044,5,accept_sex_request_btn
0,2019-10-21,31044,2,accept_sex_request_btn
0,2019-10-25,31044,1,accept_sex_request_btn
0,2019-10-31,31044,1,accept_sex_request_btn
0,2019-11-05,31044,1,accept_sex_request_btn
0,2019-11-13,31044,1,accept_sex_request_btn
0,2019-11-18,31044,1,accept_sex_request_btn
0,2019-10-07,31044,1,chat_invite
0,2019-10-08,31044,2,chat_invite
0,2019-10-09,31044,1,chat_invite
0,2019-10-11,31044,1,chat_invite
0,2019-10-12,31044,1,chat_invite
0,2019-10-13,31044,5,chat_invite
0,2019-10-14,31044,5,chat_invite
0,2019-10-15,31044,1,chat_invite
0,2019-10-16,31044,2,chat_invite
0,2019-10-19,31044,2,chat_invite
0,2019-10-20,31044,2,chat_invite
0,2019-10-21,31044,4,chat_invite
0,2019-10-22,31044,1,chat_invite
0,2019-10-23,31044,1,chat_invite
0,2019-10-24,31044,1,chat_invite
0,2019-10-25,31044,1,chat_invite
0,2019-11-02,31044,1,chat_invite
0,2019-11-06,31044,1,chat_invite
0,2019-11-08,31044,1,chat_invite
0,2019-11-16,31044,1,chat_invite
0,2019-10-07,31044,2,chatlist_bnr
0,2019-10-13,31044,1,chatlist_bnr
0,2019-10-20,31044,2,chatlist_bnr
0,2019-10-21,31044,1,chatlist_bnr
0,2019-11-06,31044,2,chatlist_bnr
0,2019-10-26,31044,1,livecams
0,2019-11-02,31044,1,livecams
0,2019-10-07,31044,1,send_sex_request_btn
0,2019-10-08,31044,1,send_sex_request_btn
0,2019-10-13,31044,2,send_sex_request_btn
0,2019-10-14,31044,3,send_sex_request_btn
0,2019-10-17,31044,1,send_sex_request_btn
0,2019-10-20,31044,1,send_sex_request_btn
0,2019-10-24,31044,1,send_sex_request_btn
0,2019-10-26,31044,1,send_sex_request_btn
0,2019-10-29,31044,1,send_sex_request_btn
0,2019-11-03,31044,1,send_sex_request_btn
0,2019-10-07,31044,0,
0,2019-10-08,31044,0,
0,2019-10-09,31044,0,
0,2019-10-10,31044,0,
0,2019-10-11,31044,0,
0,2019-10-12,31044,0,
0,2019-10-13,31044,0,
0,2019-10-14,31044,0,
0,2019-10-15,31044,0,
0,2019-10-16,31044,0,
0,2019-10-17,31044,0,
0,2019-10-18,31044,0,
0,2019-10-19,31044,0,
0,2019-10-20,31044,0,
0,2019-10-21,31044,0,
0,2019-10-22,31044,0,
0,2019-10-23,31044,0,
0,2019-10-24,31044,0,
0,2019-10-26,31044,0,
0,2019-10-27,31044,0,
0,2019-10-28,31044,0,
0,2019-10-29,31044,0,
0,2019-10-30,31044,0,
0,2019-10-31,31044,0,
0,2019-11-01,31044,0,
0,2019-11-02,31044,0,
0,2019-11-03,31044,0,
0,2019-11-04,31044,0,
0,2019-11-05,31044,0,
0,2019-11-06,31044,0,
0,2019-11-07,31044,0,
0,2019-11-08,31044,0,
0,2019-11-09,31044,0,
0,2019-11-10,31044,0,
0,2019-11-11,31044,0,
0,2019-11-12,31044,0,
0,2019-11-13,31044,0,
0,2019-11-14,31044,0,
0,2019-11-15,31044,0,
0,2019-11-17,31044,0,
0,2019-11-18,31044,0,
0,2019-11-17,31351,0,
0,2019-11-20,31351,0,
0,2019-11-09,31362,0,
0,2019-11-23,32059,1,accept_sex_request_btn
0,2019-11-24,32059,1,chat_invite
0,2019-10-23,32059,0,
0,2019-10-24,32059,0,
0,2019-11-22,32059,0,
0,2019-11-23,32059,0,
0,2019-11-24,32059,0,
0,2019-11-26,32059,0,
0,2019-11-27,32059,0,
0,2019-11-07,32239,0,
0,2019-11-14,32239,0,
0,2019-11-21,32239,0,
0,2019-10-14,32616,1,accept_sex_request_btn
0,2019-10-26,32616,1,accept_sex_request_btn
0,2019-10-27,32616,1,accept_sex_request_btn
0,2019-10-13,32616,1,chat_invite
0,2019-10-14,32616,1,chat_invite
0,2019-10-16,32616,1,chat_invite
0,2019-10-14,32616,2,chatlist_bnr
0,2019-10-28,32616,1,chatlist_bnr
0,2019-10-27,32616,1,livecams
0,2019-10-27,32616,1,send_sex_request_btn
0,2019-10-13,32616,0,
0,2019-10-14,32616,0,
0,2019-10-16,32616,0,
0,2019-10-26,32616,0,
0,2019-10-27,32616,0,
0,2019-10-28,32616,0,
0,2019-11-04,32616,0,
0,2019-11-05,32616,0,
0,2019-11-16,33055,1,accept_sex_request_btn
0,2019-11-11,33055,1,chatlist_bnr
0,2019-11-11,33055,1,send_sex_request_btn
0,2019-11-12,33055,1,send_sex_request_btn
0,2019-11-04,33055,0,
0,2019-11-27,33208,1,accept_sex_request_btn
0,2019-11-29,33208,1,accept_sex_request_btn
0,2019-11-30,33208,1,accept_sex_request_btn
0,2019-12-03,33208,3,accept_sex_request_btn
0,2019-12-02,33208,1,chat_invite
0,2019-12-04,33208,2,chat_invite
0,2019-11-28,33208,2,chatlist_bnr
0,2019-11-30,33208,1,chatlist_bnr
0,2019-12-04,33208,1,chatlist_bnr
0,2019-11-29,33208,1,send_sex_request_btn
0,2019-12-03,33208,2,send_sex_request_btn
0,2019-12-04,33208,1,send_sex_request_btn
0,2019-11-20,33208,0,
0,2019-11-21,33208,0,
0,2019-11-22,33208,0,
0,2019-11-28,33208,0,
0,2019-11-29,33208,0,
0,2019-11-30,33208,0,
0,2019-12-01,33208,0,
0,2019-12-02,33208,0,
0,2019-12-03,33208,0,
0,2019-12-04,33208,0,
0,2019-11-25,4187,1,accept_sex_request_btn
0,2019-11-25,4187,1,send_sex_request_btn
0,2019-11-25,4187,0,
1,2019-09-11,1003677891,0,
1,2019-10-27,1174,1,chat_invite
1,2019-12-01,1174,2,chat_invite
1,2019-10-25,1174,0,
1,2019-12-01,1174,0,
1,2019-12-02,1174,0,
1,2019-11-09,13125,1,accept_sex_request_btn
1,2019-11-14,13125,2,accept_sex_request_btn
1,2019-11-16,13125,1,accept_sex_request_btn
1,2019-11-19,13125,2,accept_sex_request_btn
1,2019-11-24,13125,1,accept_sex_request_btn
1,2019-11-25,13125,2,accept_sex_request_btn
1,2019-11-26,13125,1,accept_sex_request_btn
1,2019-11-27,13125,1,accept_sex_request_btn
1,2019-11-28,13125,1,accept_sex_request_btn
1,2019-11-29,13125,1,accept_sex_request_btn
1,2019-12-01,13125,1,accept_sex_request_btn
1,2019-12-02,13125,1,accept_sex_request_btn
1,2019-11-07,13125,1,chat_invite
1,2019-11-11,13125,1,chat_invite
1,2019-11-13,13125,1,chat_invite
1,2019-11-16,13125,1,chat_invite
1,2019-11-18,13125,2,chat_invite
1,2019-11-21,13125,2,chat_invite
1,2019-11-23,13125,1,chat_invite
1,2019-11-26,13125,1,chat_invite
1,2019-12-02,13125,1,chat_invite
1,2019-11-27,13125,1,chatlist_bnr
1,2019-11-28,13125,1,chatlist_bnr
1,2019-11-30,13125,3,chatlist_bnr
1,2019-11-18,13125,1,livecams
1,2019-10-02,13125,1,send_sex_request_btn
1,2019-11-11,13125,1,send_sex_request_btn
1,2019-11-14,13125,2,send_sex_request_btn
1,2019-11-16,13125,1,send_sex_request_btn
1,2019-11-17,13125,1,send_sex_request_btn
1,2019-11-21,13125,1,send_sex_request_btn
1,2019-11-22,13125,1,send_sex_request_btn
1,2019-11-28,13125,1,send_sex_request_btn
1,2019-12-01,13125,1,send_sex_request_btn
1,2019-12-02,13125,2,send_sex_request_btn
1,2019-10-01,13125,0,
1,2019-11-07,13125,0,
1,2019-11-08,13125,0,
1,2019-11-09,13125,0,
1,2019-11-11,13125,0,
1,2019-11-12,13125,0,
1,2019-11-13,13125,0,
1,2019-11-14,13125,0,
1,2019-11-15,13125,0,
1,2019-11-16,13125,0,
1,2019-11-17,13125,0,
1,2019-11-18,13125,0,
1,2019-11-19,13125,0,
1,2019-11-20,13125,0,
1,2019-11-21,13125,0,
1,2019-11-22,13125,0,
1,2019-11-23,13125,0,
1,2019-11-24,13125,0,
1,2019-11-25,13125,0,
1,2019-11-26,13125,0,
1,2019-11-27,13125,0,
1,2019-11-28,13125,0,
1,2019-11-29,13125,0,
1,2019-11-30,13125,0,
1,2019-12-01,13125,0,
1,2019-12-02,13125,0,
1,2019-12-03,13125,0,
1,2019-10-22,16675,1,accept_sex_request_btn
1,2019-10-23,16675,2,accept_sex_request_btn
1,2019-10-31,16675,1,chat_invite
1,2019-11-05,16675,1,send_sex_request_btn
1,2019-11-05,16675,0,
1,2019-10-03,16701,1,accept_sex_request_btn
1,2019-10-04,16701,1,accept_sex_request_btn
1,2019-10-05,16701,1,accept_sex_request_btn
1,2019-10-08,16701,1,accept_sex_request_btn
1,2019-10-09,16701,2,accept_sex_request_btn
1,2019-10-15,16701,1,accept_sex_request_btn
1,2019-10-18,16701,1,accept_sex_request_btn
1,2019-10-05,16701,1,chat_invite
1,2019-11-07,16701,1,chat_invite
1,2019-10-06,16701,1,send_sex_request_btn
1,2019-10-10,16701,1,send_sex_request_btn
1,2019-10-12,16701,1,send_sex_request_btn
1,2019-10-17,16701,2,send_sex_request_btn
1,2019-11-06,16701,1,send_sex_request_btn
1,2019-09-30,16701,0,
1,2019-10-03,16701,0,
1,2019-10-04,16701,0,
1,2019-10-06,16701,0,
1,2019-10-07,16701,0,
1,2019-10-08,16701,0,
1,2019-10-09,16701,0,
1,2019-10-10,16701,0,
1,2019-10-11,16701,0,
1,2019-10-12,16701,0,
1,2019-10-13,16701,0,
1,2019-10-14,16701,0,
1,2019-10-15,16701,0,
1,2019-10-16,16701,0,
1,2019-10-17,16701,0,
1,2019-10-18,16701,0,
1,2019-10-22,16701,0,
1,2019-11-04,16701,0,
1,2019-11-05,16701,0,
1,2019-11-06,16701,0,
1,2019-11-07,16701,0,
1,2019-11-30,17217,1,chat_invite
1,2019-11-11,17217,0,
1,2019-10-31,18001,0,
1,2019-11-29,18001,0,
1,2019-11-30,18001,0,
1,2019-09-18,2223,1,chat_invite
1,2019-10-28,24941,1,accept_sex_request_btn
1,2019-10-01,24941,1,chat_invite
1,2019-10-02,24941,1,chat_invite
1,2019-10-21,24941,1,chat_invite
1,2019-10-28,24941,1,chat_invite
1,2019-11-11,24941,2,chat_invite
1,2019-10-24,24941,1,chatlist_bnr
1,2019-11-02,24941,1,send_sex_request_btn
1,2019-10-05,24941,0,
1,2019-10-09,24941,0,
1,2019-10-10,24941,0,
1,2019-10-22,24941,0,
1,2019-11-01,24941,0,
1,2019-11-02,24941,0,
1,2019-11-05,24941,0,
1,2019-10-25,25445,0,
1,2019-10-02,26806,0,
1,2019-11-03,26806,0,
1,2019-11-05,26806,0,
1,2019-11-06,26806,0,
1,2019-11-17,28942,1,send_sex_request_btn
1,2019-11-30,28942,1,send_sex_request_btn
1,2019-11-04,28942,0,
1,2019-11-14,28942,0,
1,2019-11-18,28942,0,
1,2019-11-07,29555,1,chat_invite
1,2019-11-06,29592,0,
1,2019-11-06,29790,0,
1,2019-11-05,30697,1,accept_sex_request_btn
1,2019-11-06,30697,0,
1,2019-11-15,30697,0,
1,2019-11-16,30697,0,
1,2019-09-29,310,1,chat_invite
1,2019-11-17,310,1,chat_invite
1,2019-09-30,310,0,
1,2019-10-31,3102021,1,accept_sex_request_btn
1,2019-10-21,3102021,1,send_sex_request_btn
1,2019-09-28,3102021,0,
1,2019-10-04,3102021,0,
1,2019-11-01,3102021,0,
1,2019-10-15,31044,1,accept_sex_request_btn
1,2019-10-20,31044,1,accept_sex_request_btn
1,2019-10-09,31044,1,chat_invite
1,2019-10-13,31044,1,chat_invite
1,2019-10-18,31044,2,chat_invite
1,2019-10-12,31044,1,chatlist_bnr
1,2019-10-20,31044,1,chatlist_bnr
1,2019-10-09,31044,0,
1,2019-10-11,31044,0,
1,2019-10-13,31044,0,
1,2019-10-15,31044,0,
1,2019-10-19,31044,0,
1,2019-10-20,31044,0,
1,2019-11-05,31044,0,
1,2019-11-12,31044,0,
1,2019-11-22,32059,0,
1,2019-10-27,32616,1,chat_invite
1,2019-10-27,32616,1,send_sex_request_btn
1,2019-11-29,33208,0,
2,2019-10-24,1174,0,
2,2019-10-25,1174,0,
2,2019-10-29,1174,0,
2,2019-10-05,13125,1,accept_sex_request_btn
2,2019-11-13,13125,1,accept_sex_request_btn
2,2019-11-17,13125,2,accept_sex_request_btn
2,2019-11-18,13125,1,accept_sex_request_btn
2,2019-11-26,13125,1,accept_sex_request_btn
2,2019-12-01,13125,1,accept_sex_request_btn
2,2019-10-05,13125,1,chat_invite
2,2019-11-14,13125,1,chat_invite
2,2019-11-17,13125,1,chat_invite
2,2019-11-20,13125,1,chat_invite
2,2019-11-22,13125,1,chat_invite
2,2019-11-24,13125,1,chat_invite
2,2019-11-25,13125,1,chat_invite
2,2019-11-26,13125,1,chat_invite
2,2019-11-27,13125,2,chat_invite
2,2019-11-30,13125,1,chat_invite
2,2019-12-02,13125,1,chat_invite
2,2019-11-13,13125,1,chatlist_bnr
2,2019-11-16,13125,1,send_sex_request_btn
2,2019-11-18,13125,1,send_sex_request_btn
2,2019-11-26,13125,2,send_sex_request_btn
2,2019-10-23,13125,0,
2,2019-11-07,13125,0,
2,2019-11-10,13125,0,
2,2019-11-11,13125,0,
2,2019-11-12,13125,0,
2,2019-11-13,13125,0,
2,2019-11-16,13125,0,
2,2019-11-17,13125,0,
2,2019-11-18,13125,0,
2,2019-11-19,13125,0,
2,2019-11-20,13125,0,
2,2019-11-21,13125,0,
2,2019-11-23,13125,0,
2,2019-11-25,13125,0,
2,2019-11-26,13125,0,
2,2019-11-27,13125,0,
2,2019-11-28,13125,0,
2,2019-11-30,13125,0,
2,2019-12-01,13125,0,
2,2019-11-05,16675,1,chat_invite
2,2019-10-29,16675,0,
2,2019-11-03,16675,0,
2,2019-10-13,16701,1,accept_sex_request_btn
2,2019-11-04,16701,1,accept_sex_request_btn
2,2019-10-10,16701,1,chat_invite
2,2019-10-17,16701,1,chat_invite
2,2019-10-01,16701,0,
2,2019-10-04,16701,0,
2,2019-10-08,16701,0,
2,2019-10-09,16701,0,
2,2019-10-10,16701,0,
2,2019-10-11,16701,0,
2,2019-10-12,16701,0,
2,2019-10-14,16701,0,
2,2019-10-15,16701,0,
2,2019-10-16,16701,0,
2,2019-10-17,16701,0,
2,2019-10-18,16701,0,
2,2019-10-21,16701,0,
2,2019-11-07,16701,0,
2,2019-11-30,17217,0,
2,2019-10-24,18001,1,livecams
2,2019-11-29,18001,1,send_sex_request_btn
2,2019-11-24,18001,0,
2,2019-11-29,18001,0,
2,2019-10-25,24941,1,chatlist_bnr
2,2019-10-27,24941,1,send_sex_request_btn
2,2019-10-04,24941,0,
2,2019-10-23,24941,0,
2,2019-10-26,24941,0,
2,2019-10-27,24941,0,
2,2019-11-04,24941,0,
2,2019-10-24,25445,1,accept_sex_request_btn
2,2019-10-24,25445,0,
2,2019-11-03,26806,1,accept_sex_request_btn
2,2019-10-13,26806,1,chat_invite
2,2019-10-23,26806,1,chat_invite
2,2019-11-17,28942,1,accept_sex_request_btn
2,2019-11-20,28942,0,
2,2019-11-16,30697,0,
2,2019-11-17,30697,0,
2,2019-11-18,30697,0,
2,2019-10-13,310,0,
2,2019-11-12,310,0,
2,2019-11-17,310,0,
2,2019-10-21,3102021,1,chatlist_bnr
2,2019-10-14,3102021,0,
2,2019-10-10,31044,1,chat_invite
2,2019-10-19,31044,1,chat_invite
2,2019-10-25,31044,1,send_sex_request_btn
2,2019-10-07,31044,0,
2,2019-10-08,31044,0,
2,2019-10-12,31044,0,
2,2019-10-13,31044,0,
2,2019-10-18,31044,0,
2,2019-10-19,31044,0,
2,2019-10-24,32059,1,send_sex_request_btn
2,2019-10-13,32616,1,chat_invite
2,2019-10-14,32616,1,send_sex_request_btn
2,2019-11-28,33208,1,chat_invite
2,2019-11-21,33208,0,
3,2019-10-19,1174,0,
3,2019-10-25,1174,0,
3,2019-10-26,1174,0,
3,2019-09-25,13125,1,accept_sex_request_btn
3,2019-09-30,13125,1,accept_sex_request_btn
3,2019-11-12,13125,1,accept_sex_request_btn
3,2019-11-23,13125,1,accept_sex_request_btn
3,2019-11-10,13125,1,chat_invite
3,2019-11-18,13125,1,chat_invite
3,2019-11-21,13125,1,chat_invite
3,2019-11-22,13125,1,chat_invite
3,2019-11-23,13125,1,chat_invite
3,2019-11-25,13125,1,chat_invite
3,2019-12-01,13125,1,chat_invite
3,2019-11-07,13125,1,chatlist_bnr
3,2019-11-09,13125,1,livecams
3,2019-11-10,13125,1,send_sex_request_btn
3,2019-11-13,13125,2,send_sex_request_btn
3,2019-11-14,13125,1,send_sex_request_btn
3,2019-11-22,13125,1,send_sex_request_btn
3,2019-11-04,13125,0,
3,2019-11-08,13125,0,
3,2019-11-09,13125,0,
3,2019-11-11,13125,0,
3,2019-11-12,13125,0,
3,2019-11-13,13125,0,
3,2019-11-16,13125,0,
3,2019-11-17,13125,0,
3,2019-11-22,13125,0,
3,2019-11-23,13125,0,
3,2019-11-24,13125,0,
3,2019-11-26,13125,0,
3,2019-11-27,13125,0,
3,2019-11-28,13125,0,
3,2019-11-30,13125,0,
3,2019-12-01,13125,0,
3,2019-09-28,16701,1,accept_sex_request_btn
3,2019-10-22,16701,1,accept_sex_request_btn
3,2019-11-06,16701,1,accept_sex_request_btn
3,2019-11-07,16701,1,chat_invite
3,2019-10-18,16701,1,livecams
3,2019-10-02,16701,0,
3,2019-10-08,16701,0,
3,2019-10-10,16701,0,
3,2019-10-12,16701,0,
3,2019-10-14,16701,0,
3,2019-10-15,16701,0,
3,2019-10-16,16701,0,
3,2019-11-04,16701,0,
3,2019-11-05,16701,0,
3,2019-11-21,18001,1,accept_sex_request_btn
3,2019-11-05,18001,0,
3,2019-11-05,24941,1,accept_sex_request_btn
3,2019-11-07,24941,1,accept_sex_request_btn
3,2019-11-11,24941,1,accept_sex_request_btn
3,2019-10-04,24941,1,chat_invite
3,2019-10-25,24941,1,chatlist_bnr
3,2019-10-26,24941,1,livecams
3,2019-10-31,24941,0,
3,2019-11-02,24941,0,
3,2019-10-22,26806,1,send_sex_request_btn
3,2019-10-09,26806,0,
3,2019-11-08,28942,1,send_sex_request_btn
3,2019-11-15,30697,1,accept_sex_request_btn
3,2019-11-17,30697,0,
3,2019-10-08,310,1,send_sex_request_btn
3,2019-10-02,3102021,1,accept_sex_request_btn
3,2019-11-03,3102021,0,
3,2019-10-10,31044,1,accept_sex_request_btn
3,2019-11-05,31044,1,accept_sex_request_btn
3,2019-10-11,31044,0,
3,2019-10-13,31044,0,
3,2019-10-20,31044,0,
3,2019-10-24,31044,0,
3,2019-10-26,31044,0,
3,2019-10-24,32059,0,
3,2019-11-13,32307,1,accept_sex_request_btn
3,2019-10-28,32616,0,
4,2019-10-29,1174,0,
4,2019-10-02,13125,1,accept_sex_request_btn
4,2019-11-10,13125,1,accept_sex_request_btn
4,2019-11-28,13125,1,accept_sex_request_btn
4,2019-11-10,13125,1,chat_invite
4,2019-11-14,13125,2,chat_invite
4,2019-11-16,13125,1,chat_invite
4,2019-11-18,13125,1,chat_invite
4,2019-11-21,13125,2,chat_invite
4,2019-10-23,13125,1,send_sex_request_btn
4,2019-11-10,13125,1,send_sex_request_btn
4,2019-11-16,13125,1,send_sex_request_btn
4,2019-11-18,13125,1,send_sex_request_btn
4,2019-11-20,13125,1,send_sex_request_btn
4,2019-11-22,13125,1,send_sex_request_btn
4,2019-11-26,13125,1,send_sex_request_btn
4,2019-11-09,13125,0,
4,2019-11-12,13125,0,
4,2019-11-13,13125,0,
4,2019-11-15,13125,0,
4,2019-11-16,13125,0,
4,2019-11-18,13125,0,
4,2019-11-19,13125,0,
4,2019-11-21,13125,0,
4,2019-11-23,13125,0,
4,2019-11-24,13125,0,
4,2019-11-26,13125,0,
4,2019-11-27,13125,0,
4,2019-11-29,13125,0,
4,2019-11-30,13125,0,
4,2019-10-31,16675,1,chat_invite
4,2019-11-05,16675,0,
4,2019-09-28,16701,1,accept_sex_request_btn
4,2019-10-04,16701,1,accept_sex_request_btn
4,2019-10-13,16701,1,chatlist_bnr
4,2019-10-15,16701,1,chatlist_bnr
4,2019-10-08,16701,1,send_sex_request_btn
4,2019-10-03,16701,0,
4,2019-10-04,16701,0,
4,2019-10-05,16701,0,
4,2019-10-08,16701,0,
4,2019-10-09,16701,0,
4,2019-10-10,16701,0,
4,2019-10-11,16701,0,
4,2019-10-12,16701,0,
4,2019-10-13,16701,0,
4,2019-10-15,16701,0,
4,2019-10-16,16701,0,
4,2019-10-17,16701,0,
4,2019-10-22,16701,0,
4,2019-11-22,18001,1,chat_invite
4,2019-11-08,18001,1,send_sex_request_btn
4,2019-11-29,18001,0,
4,2019-10-10,24941,0,
4,2019-10-11,24941,0,
4,2019-10-13,24941,0,
4,2019-10-30,24941,0,
4,2019-10-23,25445,0,
4,2019-10-26,25445,0,
4,2019-11-09,25445,0,
4,2019-10-23,26806,1,accept_sex_request_btn
4,2019-11-17,30697,1,send_sex_request_btn
4,2019-11-18,30697,1,send_sex_request_btn
4,2019-11-17,30697,0,
4,2019-11-19,30697,0,
4,2019-09-08,310,1,accept_sex_request_btn
4,2019-11-27,310,1,chat_invite
4,2019-10-03,310,2,send_sex_request_btn
4,2019-10-16,3102021,1,send_sex_request_btn
4,2019-10-16,3102021,0,
4,2019-11-06,31044,1,chat_invite
4,2019-10-13,31044,1,chatlist_bnr
4,2019-10-19,31044,0,
4,2019-10-21,31044,0,
4,2019-10-13,32616,0,
4,2019-11-21,33208,1,accept_sex_request_btn
4,2019-11-19,33208,0,
5,2019-10-28,1174,1,accept_sex_request_btn
5,2019-11-09,1174,1,send_sex_request_btn
5,2019-10-28,1174,0,
5,2019-11-14,13125,1,accept_sex_request_btn
5,2019-11-25,13125,1,accept_sex_request_btn
5,2019-11-16,13125,1,chat_invite
5,2019-11-21,13125,2,chat_invite
5,2019-11-23,13125,1,chat_invite
5,2019-11-11,13125,0,
5,2019-11-13,13125,0,
5,2019-11-14,13125,0,
5,2019-11-15,13125,0,
5,2019-11-17,13125,0,
5,2019-11-18,13125,0,
5,2019-11-21,13125,0,
5,2019-11-22,13125,0,
5,2019-11-24,13125,0,
5,2019-11-25,13125,0,
5,2019-11-27,13125,0,
5,2019-11-15,16675,1,send_sex_request_btn
5,2019-10-23,16675,0,
5,2019-09-30,16701,1,accept_sex_request_btn
5,2019-10-10,16701,1,accept_sex_request_btn
5,2019-10-12,16701,1,accept_sex_request_btn
5,2019-09-30,16701,1,chat_invite
5,2019-10-04,16701,1,chat_invite
5,2019-10-09,16701,1,chat_invite
5,2019-10-22,16701,1,chat_invite
5,2019-09-29,16701,0,
5,2019-10-03,16701,0,
5,2019-10-06,16701,0,
5,2019-10-08,16701,0,
5,2019-10-09,16701,0,
5,2019-10-12,16701,0,
5,2019-10-14,16701,0,
5,2019-10-16,16701,0,
5,2019-10-17,16701,0,
5,2019-11-14,18001,1,accept_sex_request_btn
5,2019-11-04,18001,1,send_sex_request_btn
5,2019-11-04,18001,0,
5,2019-11-08,18001,0,
5,2019-11-22,18001,0,
5,2019-11-23,18001,0,
5,2019-10-04,24941,1,accept_sex_request_btn
5,2019-10-27,24941,0,
5,2019-11-07,24941,0,
5,2019-10-21,25445,1,send_sex_request_btn
5,2019-09-24,26806,0,
5,2019-09-30,26806,0,
5,2019-10-14,26806,0,
5,2019-11-17,28942,0,
5,2019-11-25,28942,0,
5,2019-11-15,30697,0,
5,2019-11-16,30697,0,
5,2019-09-08,310,0,
5,2019-10-25,310,0,
5,2019-10-08,31044,1,chat_invite
5,2019-10-14,31044,1,send_sex_request_btn
5,2019-10-12,31044,0,
5,2019-11-05,31044,0,
5,2019-10-13,32616,0,
5,2019-11-21,33208,0,
6,2019-10-24,1174,1,chat_invite
6,2019-10-24,1174,0,
6,2019-11-16,13125,1,accept_sex_request_btn
6,2019-11-26,13125,1,accept_sex_request_btn
6,2019-11-27,13125,1,accept_sex_request_btn
6,2019-09-30,13125,1,chat_invite
6,2019-11-18,13125,1,chat_invite
6,2019-11-21,13125,2,chat_invite
6,2019-11-12,13125,1,chatlist_bnr
6,2019-09-30,13125,0,
6,2019-10-05,13125,0,
6,2019-11-11,13125,0,
6,2019-11-12,13125,0,
6,2019-11-14,13125,0,
6,2019-11-17,13125,0,
6,2019-11-19,13125,0,
6,2019-11-21,13125,0,
6,2019-11-22,13125,0,
6,2019-11-23,13125,0,
6,2019-11-26,13125,0,
6,2019-11-27,13125,0,
6,2019-11-03,16675,1,chat_invite
6,2019-10-11,16701,1,accept_sex_request_btn
6,2019-10-03,16701,0,
6,2019-10-04,16701,0,
6,2019-10-06,16701,0,
6,2019-10-08,16701,0,
6,2019-10-09,16701,0,
6,2019-10-12,16701,0,
6,2019-10-13,16701,0,
6,2019-10-14,16701,0,
6,2019-10-15,16701,0,
6,2019-11-21,18001,1,chatlist_bnr
6,2019-11-21,18001,0,
6,2019-10-04,24941,1,chat_invite
6,2019-10-25,24941,1,chatlist_bnr
6,2019-10-15,24941,0,
6,2019-11-03,24941,0,
6,2019-10-23,25445,1,send_sex_request_btn
6,2019-10-23,25445,0,
6,2019-11-21,28942,0,
6,2019-11-16,30697,1,accept_sex_request_btn
6,2019-11-05,30697,0,
6,2019-11-16,30697,0,
6,2019-11-17,30697,0,
6,2019-10-03,310,1,accept_sex_request_btn
6,2019-10-12,310,1,send_sex_request_btn
6,2019-11-17,310,0,
6,2019-09-27,3102021,0,
6,2019-10-21,3102021,0,
6,2019-11-14,3102021,0,
6,2019-10-09,31044,1,accept_sex_request_btn
6,2019-10-21,31044,1,chat_invite
6,2019-10-10,31044,0,
7,2019-10-18,1174,0,
7,2019-11-24,13125,1,chat_invite
7,2019-11-26,13125,1,chatlist_bnr
7,2019-11-24,13125,1,send_sex_request_btn
7,2019-11-25,13125,1,send_sex_request_btn
7,2019-11-16,13125,0,
7,2019-11-18,13125,0,
7,2019-11-20,13125,0,
7,2019-11-21,13125,0,
7,2019-11-25,13125,0,
7,2019-11-26,13125,0,
7,2019-10-11,16701,1,chat_invite
7,2019-10-03,16701,1,chatlist_bnr
7,2019-09-29,16701,0,
7,2019-10-04,16701,0,
7,2019-10-06,16701,0,
7,2019-10-07,16701,0,
7,2019-10-08,16701,0,
7,2019-10-09,16701,0,
7,2019-10-10,16701,0,
7,2019-10-14,16701,0,
7,2019-10-17,16701,0,
7,2019-10-06,24941,0,
7,2019-10-09,26806,1,accept_sex_request_btn
7,2019-11-14,28942,0,
7,2019-11-05,29790,0,
7,2019-11-17,30697,1,send_sex_request_btn
7,2019-11-06,30697,0,
7,2019-11-24,310,1,accept_sex_request_btn
7,2019-09-25,3102021,0,
7,2019-11-25,3102021,0,
7,2019-10-07,31044,1,chatlist_bnr
7,2019-10-20,31044,1,chatlist_bnr
7,2019-10-20,31044,0,
7,2019-10-21,31044,0,
7,2019-10-23,32059,1,accept_sex_request_btn
7,2019-10-13,32616,0,
8,2019-11-21,13125,1,chat_invite
8,2019-11-08,13125,1,send_sex_request_btn
8,2019-11-23,13125,1,send_sex_request_btn
8,2019-11-11,13125,0,
8,2019-11-15,13125,0,
8,2019-11-20,13125,0,
8,2019-11-21,13125,0,
8,2019-11-24,13125,0,
8,2019-10-09,16701,1,accept_sex_request_btn
8,2019-11-06,16701,1,accept_sex_request_btn
8,2019-10-03,16701,1,chat_invite
8,2019-10-06,16701,1,chat_invite
8,2019-10-08,16701,1,chat_invite
8,2019-10-03,16701,0,
8,2019-10-07,16701,0,
8,2019-10-08,16701,0,
8,2019-10-09,16701,0,
8,2019-10-10,16701,0,
8,2019-10-12,16701,0,
8,2019-10-13,16701,0,
8,2019-10-15,16701,0,
8,2019-10-14,24941,0,
8,2019-11-05,24941,0,
8,2019-10-23,25445,1,livecams
8,2019-09-26,26806,1,chat_invite
8,2019-10-14,28430,0,
8,2019-11-14,28942,1,accept_sex_request_btn
8,2019-11-14,28942,1,send_sex_request_btn
8,2019-11-14,28942,0,
8,2019-11-17,28942,0,
8,2019-11-18,30697,0,
8,2019-10-15,3102021,0,
8,2019-10-08,31044,1,send_sex_request_btn
8,2019-10-11,31044,1,send_sex_request_btn
8,2019-10-21,31044,0,
8,2019-10-14,32616,0,
9,2019-10-02,13125,1,accept_sex_request_btn
9,2019-11-08,13125,1,accept_sex_request_btn
9,2019-11-12,13125,1,chatlist_bnr
9,2019-11-21,13125,1,send_sex_request_btn
9,2019-11-10,13125,0,
9,2019-11-12,13125,0,
9,2019-11-16,13125,0,
9,2019-11-18,13125,0,
9,2019-11-21,13125,0,
9,2019-11-22,13125,0,
9,2019-11-23,13125,0,
9,2019-10-23,16675,1,send_sex_request_btn
9,2019-10-07,16701,1,accept_sex_request_btn
9,2019-10-18,16701,1,accept_sex_request_btn
9,2019-10-03,16701,1,chat_invite
9,2019-10-06,16701,1,chat_invite
9,2019-11-06,16701,1,chat_invite
9,2019-10-18,16701,1,send_sex_request_btn
9,2019-10-07,16701,0,
9,2019-10-12,16701,0,
9,2019-10-13,16701,0,
9,2019-10-15,16701,0,
9,2019-10-17,16701,0,
9,2019-10-29,29864,1,accept_sex_request_btn
9,2019-10-11,3102021,1,send_sex_request_btn
9,2019-11-09,3102021,0,
9,2019-11-07,32239,0,
9,2019-10-28,32616,0,
10,2019-11-23,13125,1,accept_sex_request_btn
10,2019-11-08,13125,1,chat_invite
10,2019-11-17,13125,1,send_sex_request_btn
10,2019-11-12,13125,0,
10,2019-11-17,13125,0,
10,2019-11-23,13125,0,
10,2019-11-24,13125,0,
10,2019-11-20,16675,1,accept_sex_request_btn
10,2019-10-04,16701,1,accept_sex_request_btn
10,2019-10-03,16701,1,chat_invite
10,2019-10-17,16701,1,chat_invite
10,2019-10-22,16701,1,chat_invite
10,2019-11-07,16701,1,chatlist_bnr
10,2019-10-04,16701,0,
10,2019-10-09,16701,0,
10,2019-10-15,16701,0,
10,2019-11-21,18001,0,
10,2019-10-06,24941,0,
10,2019-10-08,24941,0,
10,2019-11-04,29788,0,
10,2019-11-05,29788,0,
10,2019-11-17,30697,0,
10,2019-11-01,3102021,1,livecams
10,2019-09-26,3102021,0,
10,2019-09-28,3102021,0,
10,2019-10-07,31044,0,
10,2019-10-20,31044,0,
10,2019-11-06,31044,0,
11,2019-11-17,13125,1,accept_sex_request_btn
11,2019-11-13,13125,1,chat_invite
11,2019-11-19,13125,1,chat_invite
11,2019-11-20,13125,1,chat_invite
11,2019-11-22,13125,1,send_sex_request_btn
11,2019-11-12,13125,0,
11,2019-11-14,13125,0,
11,2019-11-16,13125,0,
11,2019-11-07,16701,1,accept_sex_request_btn
11,2019-10-06,16701,0,
11,2019-10-08,16701,0,
11,2019-10-09,16701,0,
11,2019-10-17,26806,1,send_sex_request_btn
11,2019-11-20,28942,1,chat_invite
11,2019-11-05,29788,1,accept_sex_request_btn
11,2019-11-16,30697,0,
11,2019-10-10,3102021,1,send_sex_request_btn
11,2019-09-28,3102021,0,
11,2019-10-10,3102021,0,
11,2019-10-31,31044,1,accept_sex_request_btn
11,2019-10-19,31044,1,send_sex_request_btn
12,2019-11-16,13125,1,accept_sex_request_btn
12,2019-11-18,13125,1,accept_sex_request_btn
12,2019-11-13,13125,1,chat_invite
12,2019-11-14,13125,1,send_sex_request_btn
12,2019-11-20,13125,1,send_sex_request_btn
12,2019-11-07,13125,0,
12,2019-11-09,13125,0,
12,2019-11-12,13125,0,
12,2019-11-13,13125,0,
12,2019-11-16,13125,0,
12,2019-11-18,13125,0,
12,2019-11-21,13125,0,
12,2019-10-22,16675,0,
12,2019-09-29,16701,0,
12,2019-10-06,16701,0,
12,2019-10-07,16701,0,
12,2019-10-16,16701,0,
12,2019-11-04,16701,0,
12,2019-10-05,24941,1,accept_sex_request_btn
12,2019-10-13,24941,0,
12,2019-11-08,24941,0,
12,2019-10-10,26806,1,chat_invite
12,2019-11-16,30697,1,send_sex_request_btn
12,2019-11-20,30697,0,
12,2019-09-07,310,0,
12,2019-10-12,31044,1,chat_invite
12,2019-10-13,32616,1,chat_invite
13,2019-10-22,1174,0,
13,2019-11-16,13125,1,send_sex_request_btn
13,2019-11-12,13125,0,
13,2019-11-14,13125,0,
13,2019-11-16,13125,0,
13,2019-11-03,16675,1,chatlist_bnr
13,2019-10-10,16701,1,accept_sex_request_btn
13,2019-11-05,16701,1,accept_sex_request_btn
13,2019-10-15,16701,1,send_sex_request_btn
13,2019-09-26,16701,0,
13,2019-10-06,16701,0,
13,2019-10-17,16701,0,
13,2019-10-31,18001,1,send_sex_request_btn
13,2019-10-11,26806,1,chat_invite
13,2019-10-08,26806,0,
13,2019-11-06,30697,0,
13,2019-10-10,31044,1,chat_invite
13,2019-10-21,31044,1,livecams
14,2019-11-06,1174,1,accept_sex_request_btn
14,2019-11-15,13125,1,send_sex_request_btn
14,2019-11-08,13125,0,
14,2019-11-15,13125,0,
14,2019-11-17,13125,0,
14,2019-11-19,13125,0,
14,2019-09-26,16701,0,
14,2019-10-14,16701,0,
14,2019-09-18,2223,0,
14,2019-10-14,26806,0,
14,2019-11-14,28942,0,
14,2019-10-10,3102021,0,
14,2019-10-08,31044,1,chat_invite
14,2019-10-21,31044,0,
14,2019-10-13,32616,0,
15,2019-11-06,1174,0,
15,2019-11-17,13125,0,
15,2019-10-07,16701,1,chat_invite
15,2019-10-08,16701,1,send_sex_request_btn
15,2019-10-13,16701,1,send_sex_request_btn
15,2019-10-06,16701,0,
15,2019-10-12,16701,0,
15,2019-10-14,16701,0,
15,2019-10-16,16701,0,
15,2019-10-04,24941,1,accept_sex_request_btn
15,2019-10-25,24941,1,accept_sex_request_btn
15,2019-11-01,24941,1,send_sex_request_btn
15,2019-10-22,24941,0,
15,2019-11-01,24941,0,
15,2019-11-02,24941,0,
15,2019-11-01,26806,1,accept_sex_request_btn
15,2019-10-14,26806,0,
15,2019-11-15,30697,0,
15,2019-09-19,3102021,1,chat_invite
15,2019-10-12,31044,0,
15,2019-10-13,32616,1,send_sex_request_btn
16,2019-10-18,1174,0,
16,2019-11-05,1174,0,
16,2019-11-13,13125,1,chat_invite
16,2019-11-13,13125,0,
16,2019-11-16,13125,0,
16,2019-10-09,16701,1,accept_sex_request_btn
16,2019-10-18,16701,1,accept_sex_request_btn
16,2019-10-10,16701,1,chat_invite
16,2019-10-09,16701,0,
16,2019-10-16,16701,0,
16,2019-11-07,16701,0,
16,2019-09-01,2223,0,
16,2019-10-26,26806,1,chat_invite
16,2019-11-01,26806,0,
16,2019-11-17,28942,0,
16,2019-10-23,310,1,accept_sex_request_btn
16,2019-09-19,3102021,0,
16,2019-10-30,3102021,0,
16,2019-10-08,31044,1,accept_sex_request_btn
16,2019-10-18,31044,1,accept_sex_request_btn
17,2019-10-23,1174,0,
17,2019-11-14,13125,0,
17,2019-10-13,16701,1,chat_invite
17,2019-11-04,16701,1,chat_invite
17,2019-10-15,16701,0,
17,2019-10-18,16701,0,
17,2019-10-22,24941,0,
17,2019-11-02,24941,0,
17,2019-11-05,24941,0,
17,2019-10-12,26806,1,send_sex_request_btn
17,2019-10-08,31044,1,accept_sex_request_btn
17,2019-10-20,31044,1,accept_sex_request_btn
17,2019-10-21,31044,0,
18,2019-11-02,1174,0,
18,2019-11-14,13125,1,accept_sex_request_btn
18,2019-11-08,13125,0,
18,2019-11-03,24941,0,
19,2019-11-12,13125,1,accept_sex_request_btn
19,2019-11-12,13125,0,
19,2019-10-23,16675,1,accept_sex_request_btn
19,2019-11-04,16701,1,chat_invite
19,2019-10-08,16701,0,
19,2019-10-17,16701,0,
19,2019-10-22,25445,1,send_sex_request_btn
19,2019-10-26,310,0,
19,2019-10-01,3102021,1,accept_sex_request_btn
19,2019-10-03,3102021,0,
19,2019-10-20,31044,0,
20,2019-11-12,13125,1,accept_sex_request_btn
20,2019-09-30,13125,1,send_sex_request_btn
20,2019-11-10,13125,0,
20,2019-11-12,13125,0,
20,2019-10-08,16701,1,accept_sex_request_btn
20,2019-10-14,16701,1,send_sex_request_btn
20,2019-10-08,16701,0,
20,2019-10-10,16701,0,
20,2019-10-12,16701,0,
20,2019-10-14,31044,0,
21,2019-11-06,1174,0,
21,2019-10-18,16701,1,accept_sex_request_btn
21,2019-10-07,16701,1,chat_invite
21,2019-10-15,16701,1,chat_invite
21,2019-10-15,16701,1,send_sex_request_btn
21,2019-10-16,16701,0,
21,2019-09-26,3102021,0,
21,2019-11-12,3102021,0,
22,2019-11-04,1174,0,
22,2019-11-07,13125,1,accept_sex_request_btn
22,2019-11-08,16675,1,chatlist_bnr
22,2019-10-16,16701,0,
22,2019-10-26,26806,0,
22,2019-11-06,30697,0,
22,2019-10-20,31044,1,chatlist_bnr
22,2019-10-11,31044,0,
23,2019-10-23,16675,0,
23,2019-10-06,16701,0,
23,2019-10-12,16701,0,
23,2019-10-13,16701,0,
23,2019-10-16,16701,0,
23,2019-10-18,16701,0,
23,2019-10-21,16701,0,
23,2019-09-30,3102021,0,
24,2019-10-31,16675,1,chat_invite
24,2019-10-13,16701,0,
24,2019-10-15,16701,0,
24,2019-10-21,25445,1,chat_invite
24,2019-11-06,30697,0,
24,2019-10-05,3102021,0,
25,2019-10-07,16701,0,
25,2019-10-13,16701,0,
25,2019-11-06,18001,1,accept_sex_request_btn
25,2019-11-05,24941,0,
25,2019-10-31,3102021,0,
25,2019-10-08,31044,1,send_sex_request_btn
26,2019-10-10,16701,1,chat_invite
26,2019-09-26,16701,0,
26,2019-10-08,16701,0,
26,2019-11-06,30697,0,
27,2019-11-03,1174,0,
27,2019-10-18,16701,0,
27,2019-10-26,310,0,
27,2019-10-13,31044,1,accept_sex_request_btn
28,2019-09-27,13125,0,
28,2019-10-12,16701,1,send_sex_request_btn
28,2019-10-09,16701,0,
28,2019-10-16,24941,0,
28,2019-10-20,31044,1,send_sex_request_btn
28,2019-10-16,32616,0,
29,2019-09-16,"",0,
29,2019-10-07,16701,0,
29,2019-10-08,31044,0,
30,2019-10-04,24941,1,accept_sex_request_btn
30,2019-10-30,24941,0,
30,2019-10-13,3102021,0,
31,2019-10-04,24941,0,
31,2019-10-15,24941,0,
33,2019-10-05,16701,0,
33,2019-10-17,16701,0,
33,2019-09-28,3102021,1,chatlist_bnr
33,2019-09-28,3102021,1,send_sex_request_btn
33,2019-09-25,3102021,0,
33,2019-09-28,3102021,0,
33,2019-10-21,31044,0,
34,2019-10-22,25445,0,
34,2019-09-03,310,0,
34,2019-10-21,31044,0,
35,2019-10-03,16701,1,send_sex_request_btn
35,2019-10-05,16701,0,
35,2019-10-06,16701,0,
35,2019-09-18,2223,0,
35,2019-10-21,31044,0,
36,2019-10-12,16701,1,send_sex_request_btn
36,2019-10-22,16701,0,
36,2019-09-27,3102021,0,
36,2019-10-21,31044,0,
37,2019-10-22,16701,0,
37,2019-10-25,24941,0,
37,2019-09-25,3102021,0,
37,2019-09-28,3102021,0,
38,2019-09-28,16701,0,
38,2019-10-15,16701,0,
38,2019-10-22,16701,0,
38,2019-10-13,31044,0,
39,2019-09-30,16701,0,
39,2019-10-14,26806,0,
39,2019-10-15,31044,0,
39,2019-10-20,31044,0,
41,2019-09-30,16701,0,
41,2019-10-13,31044,1,send_sex_request_btn
42,2019-10-03,3102021,1,send_sex_request_btn
42,2019-10-10,31044,0,
43,2019-10-13,16701,0,
43,2019-09-02,2223,0,
43,2019-10-19,31044,0,
44,2019-09-28,3102021,1,send_sex_request_btn
45,2019-10-04,16701,0,
46,2019-09-26,16701,1,send_sex_request_btn
46,2019-10-09,16701,0,
46,2019-09-27,310,0,
48,2019-10-14,26806,1,accept_sex_request_btn
49,2019-10-16,16701,0,
50,2019-09-18,310,0,
51,2019-09-13,310,0,
52,2019-10-05,16701,1,chat_invite
53,2019-10-04,16701,1,chatlist_bnr
53,2019-10-04,16701,0,
54,2019-10-10,16701,0,
54,2019-09-30,3102021,0,
55,2019-10-03,26806,0,
55,2019-09-29,3102021,0,
56,2019-09-06,2223,0,
60,2019-10-03,26806,1,accept_sex_request_btn
61,2019-10-02,13125,1,send_sex_request_btn
67,2019-09-15,310,1,chat_invite
71,2019-09-19,3102021,0,
