,source,date,count_users,cost,profit_0_day,profit_1_day,profit_2_day,profit_3_day,visit_0_day,visit_1_day,visit_2_day,visit_3_day,sent_sex_request_btn_0_day,sent_sex_request_btn_1_day,sent_sex_request_btn_2_day,sent_sex_request_btn_3_day,accept_sex_request_btn_0_day,accept_sex_request_btn_1_day,accept_sex_request_btn_2_day,accept_sex_request_btn_3_day,livecamps_bnr_0_day,livecamps_bnr_1_day,livecamps_bnr_2_day,livecamps_bnr_3_day,chatlist_bnr_0_day,chatlist_bnr_1_day,chatlist_bnr_2_day,chatlist_bnr_3_day,chat_invite_0_day,chat_invite_1_day,chat_invite_2_day,chat_invite_3_day
0,10024.0,2019-11-16,290,9.0,7.95,0.0,0.0,0.0,1167,105.0,18.0,14.0,0.0,0.0,0.0,0.0,1.0,0.0,0.0,0.0,0.0,0.0,0.0,0.0,1.0,0.0,0.0,0.0,0.0,0.0,0.0,0.0
1,1174.0,2019-10-15,16,6.0,11.2,0.0,0.0,0.0,242,35.0,18.0,12.0,0.0,0.0,0.0,0.0,0.0,0.0,0.0,0.0,0.0,0.0,0.0,0.0,0.0,0.0,0.0,0.0,0.0,0.0,0.0,0.0
2,1174.0,2019-10-16,15,4.0,7.2,0.0,0.0,0.0,700,153.0,50.0,13.0,0.0,0.0,0.0,0.0,0.0,0.0,0.0,0.0,0.0,0.0,0.0,0.0,0.0,0.0,0.0,0.0,2.0,0.0,0.0,0.0
3,1174.0,2019-10-17,18,12.0,13.1,0.0,0.0,0.0,455,31.0,14.0,17.0,0.0,0.0,0.0,0.0,0.0,0.0,0.0,0.0,0.0,0.0,0.0,0.0,0.0,0.0,0.0,0.0,2.0,0.0,0.0,0.0
4,1174.0,2019-10-19,21,14.0,7.7,0.0,0.0,2.0,653,124.0,31.0,133.0,0.0,0.0,0.0,0.0,0.0,0.0,0.0,0.0,0.0,0.0,0.0,0.0,0.0,0.0,0.0,0.0,0.0,0.0,0.0,0.0
5,1174.0,2019-10-20,29,14.0,27.55,0.0,0.0,0.0,7351,17.0,43.0,34.0,0.0,0.0,0.0,0.0,2.0,0.0,0.0,0.0,0.0,0.0,0.0,0.0,0.0,0.0,0.0,0.0,1.0,0.0,0.0,0.0
6,1174.0,2019-10-21,40,22.0,23.26,0.0,0.0,0.0,536,51.0,16.0,8.0,0.0,0.0,0.0,0.0,0.0,0.0,0.0,0.0,0.0,0.0,0.0,0.0,0.0,0.0,0.0,0.0,3.0,0.0,0.0,0.0
7,1174.0,2019-10-22,45,16.0,15.55,0.0,0.0,0.0,449,17.0,9.0,8.0,0.0,0.0,0.0,0.0,0.0,0.0,0.0,0.0,0.0,0.0,0.0,0.0,0.0,0.0,0.0,0.0,2.0,0.0,0.0,0.0
8,1174.0,2019-10-24,32,14.0,11.7,0.0,3.0,0.0,917,213.0,59.0,74.0,0.0,0.0,0.0,0.0,1.0,0.0,0.0,0.0,0.0,0.0,0.0,0.0,1.0,0.0,0.0,0.0,1.0,0.0,0.0,0.0
9,1174.0,2019-10-25,39,12.0,23.05,3.0,6.4,3.0,651,32.0,372.0,127.0,0.0,0.0,0.0,0.0,1.0,0.0,0.0,0.0,0.0,0.0,0.0,0.0,0.0,0.0,0.0,0.0,1.0,0.0,0.0,0.0
10,1174.0,2019-10-26,29,12.0,12.75,0.0,0.0,4.25,262,34.0,20.0,41.0,0.0,0.0,0.0,0.0,0.0,0.0,0.0,0.0,0.0,0.0,0.0,0.0,0.0,0.0,0.0,0.0,0.0,0.0,0.0,0.0
11,1174.0,2019-10-27,42,24.0,18.7,3.5,0.0,0.0,1018,90.0,11.0,95.0,0.0,0.0,0.0,0.0,2.0,0.0,0.0,0.0,0.0,0.0,0.0,0.0,1.0,0.0,0.0,0.0,1.0,1.0,0.0,0.0
12,1174.0,2019-10-28,48,26.0,33.1,0.0,0.0,0.0,2344,348.0,86.0,298.0,0.0,0.0,0.0,0.0,0.0,0.0,0.0,0.0,0.0,0.0,0.0,0.0,1.0,0.0,0.0,0.0,0.0,0.0,0.0,0.0
13,1174.0,2019-10-30,27,12.0,9.8,0.0,0.0,0.0,501,39.0,196.0,130.0,0.0,0.0,0.0,0.0,1.0,0.0,0.0,0.0,0.0,0.0,0.0,0.0,0.0,0.0,0.0,0.0,0.0,0.0,0.0,0.0
14,1174.0,2019-11-03,18,8.0,8.05,0.0,0.0,0.0,99,0.0,5.0,14.0,0.0,0.0,0.0,0.0,0.0,0.0,0.0,0.0,0.0,0.0,0.0,0.0,0.0,0.0,0.0,0.0,0.0,0.0,0.0,0.0
15,1174.0,2019-11-10,12,6.0,7.25,0.0,0.0,0.0,125,0.0,0.0,18.0,0.0,0.0,0.0,0.0,0.0,0.0,0.0,0.0,0.0,0.0,0.0,0.0,0.0,0.0,0.0,0.0,0.0,0.0,0.0,0.0
16,1174.0,2019-11-25,3,2.0,8.5,0.0,0.0,0.0,19,8.0,0.0,16.0,0.0,0.0,0.0,0.0,0.0,0.0,0.0,0.0,0.0,0.0,0.0,0.0,0.0,0.0,0.0,0.0,0.0,0.0,0.0,0.0
17,1174.0,2019-11-29,14,0.0,3.5,0.0,0.0,0.0,45,3.0,0.0,3.0,0.0,0.0,0.0,0.0,0.0,0.0,0.0,0.0,0.0,0.0,0.0,0.0,0.0,0.0,0.0,0.0,0.0,0.0,0.0,0.0
18,1174.0,2019-11-30,130,6.0,13.9,0.0,0.0,0.0,1144,34.0,18.0,2.0,0.0,0.0,0.0,0.0,0.0,0.0,0.0,0.0,0.0,0.0,0.0,0.0,0.0,0.0,0.0,0.0,0.0,0.0,0.0,0.0
19,1174.0,2019-12-01,209,3.0,13.25,9.65,0.0,0.0,1311,299.0,150.0,210.0,0.0,0.0,0.0,0.0,0.0,0.0,0.0,0.0,0.0,0.0,0.0,0.0,0.0,0.0,0.0,0.0,0.0,0.0,0.0,0.0
20,13125.0,2019-09-24,19,3.0,1.7,0.0,0.0,0.0,963,200.0,450.0,320.0,0.0,0.0,0.0,0.0,0.0,0.0,0.0,0.0,0.0,0.0,0.0,0.0,0.0,0.0,0.0,0.0,0.0,0.0,0.0,0.0
21,13125.0,2019-09-25,20,3.0,1.7,0.0,0.0,5.5,365,192.0,0.0,23.0,0.0,0.0,0.0,0.0,0.0,0.0,0.0,0.0,0.0,0.0,0.0,0.0,0.0,0.0,0.0,0.0,0.0,0.0,0.0,0.0
22,13125.0,2019-09-27,34,24.0,7.9,0.0,0.0,0.0,7187,800.0,67.0,376.0,0.0,0.0,0.0,0.0,0.0,0.0,0.0,0.0,0.0,0.0,0.0,0.0,1.0,0.0,0.0,0.0,0.0,0.0,0.0,0.0
23,13125.0,2019-09-28,41,14.0,3.5,0.0,0.0,0.0,644,68.0,82.0,34.0,0.0,0.0,0.0,0.0,0.0,0.0,0.0,0.0,0.0,0.0,0.0,0.0,0.0,0.0,0.0,0.0,0.0,0.0,0.0,0.0
24,13125.0,2019-09-30,44,16.0,10.4,0.0,0.0,2.0,1047,44.0,0.0,42.0,0.0,0.0,0.0,0.0,0.0,0.0,0.0,0.0,0.0,0.0,0.0,0.0,0.0,0.0,0.0,0.0,1.0,0.0,0.0,0.0
25,13125.0,2019-10-02,23,18.0,8.9,1.9,0.0,0.0,601,193.0,119.0,112.0,0.0,0.0,0.0,0.0,0.0,0.0,0.0,0.0,0.0,0.0,0.0,0.0,1.0,0.0,0.0,0.0,0.0,0.0,0.0,0.0
26,13125.0,2019-10-03,14,2.0,8.95,0.0,0.0,0.0,268,75.0,0.0,59.0,0.0,0.0,0.0,0.0,1.0,0.0,0.0,0.0,0.0,0.0,0.0,0.0,0.0,0.0,0.0,0.0,0.0,0.0,0.0,0.0
27,13125.0,2019-11-04,82,9.0,4.25,0.0,0.0,3.5,626,110.0,125.0,30.0,0.0,0.0,0.0,0.0,0.0,0.0,0.0,0.0,0.0,0.0,0.0,0.0,0.0,0.0,0.0,0.0,0.0,0.0,0.0,0.0
28,13125.0,2019-11-07,464,42.0,56.35,7.65,1.7,1.9,5256,446.0,788.0,299.0,0.0,0.0,0.0,0.0,2.0,0.0,0.0,0.0,0.0,0.0,0.0,0.0,0.0,0.0,0.0,0.0,1.0,1.0,0.0,0.0
29,13125.0,2019-11-08,827,111.0,147.9,10.75,0.0,3.0,8863,1879.0,1266.0,1460.0,0.0,0.0,0.0,0.0,4.0,0.0,0.0,0.0,0.0,0.0,0.0,0.0,1.0,0.0,0.0,0.0,2.0,0.0,0.0,0.0
30,13125.0,2019-11-09,519,69.0,111.6,4.7,0.0,9.25,6840,2247.0,551.0,923.0,0.0,0.0,0.0,0.0,5.0,1.0,0.0,0.0,0.0,0.0,0.0,0.0,1.0,0.0,0.0,0.0,1.0,0.0,0.0,0.0
31,13125.0,2019-11-10,759,93.0,100.2,0.0,7.75,4.9,7607,1477.0,302.0,322.0,0.0,0.0,0.0,0.0,4.0,0.0,0.0,0.0,0.0,0.0,0.0,0.0,3.0,0.0,0.0,0.0,2.0,0.0,0.0,1.0
32,13125.0,2019-11-11,875,138.0,208.05,9.25,12.3,2.0,13447,1880.0,1926.0,2322.0,0.0,0.0,0.0,0.0,6.0,0.0,0.0,0.0,0.0,0.0,0.0,0.0,1.0,0.0,0.0,0.0,8.0,1.0,0.0,0.0
33,13125.0,2019-11-12,1427,204.0,202.1,11.9,5.0,4.0,18100,6244.0,5623.0,5709.0,0.0,0.0,0.0,0.0,4.0,0.0,0.0,1.0,0.0,0.0,0.0,0.0,0.0,0.0,0.0,0.0,8.0,0.0,0.0,0.0
34,13125.0,2019-11-13,1991,258.0,265.55,13.5,23.0,13.25,24439,5309.0,4277.0,2801.0,0.0,0.0,0.0,0.0,8.0,0.0,1.0,0.0,0.0,0.0,0.0,0.0,0.0,0.0,0.0,0.0,9.0,1.0,0.0,0.0
35,13125.0,2019-11-14,1433,228.0,236.1,22.3,2.0,4.25,21798,4690.0,2948.0,1474.0,0.0,0.0,0.0,0.0,8.0,2.0,0.0,0.0,0.0,0.0,0.0,0.0,2.0,0.0,0.0,0.0,8.0,0.0,1.0,0.0
36,13125.0,2019-11-15,1011,141.0,237.65,7.95,0.0,0.0,15103,2747.0,2642.0,2159.0,0.0,0.0,0.0,0.0,8.0,0.0,0.0,0.0,0.0,0.0,0.0,0.0,3.0,0.0,0.0,0.0,4.0,0.0,0.0,0.0
37,13125.0,2019-11-16,1867,306.0,398.4,26.5,9.25,5.0,47563,11986.0,13714.0,11068.0,0.0,0.0,0.0,0.0,12.0,1.0,0.0,0.0,0.0,0.0,0.0,0.0,4.0,0.0,0.0,0.0,8.0,1.0,0.0,0.0
38,13125.0,2019-11-17,1353,210.0,300.1,10.75,23.45,3.9,26235,5665.0,3362.0,1973.0,0.0,0.0,0.0,0.0,10.0,0.0,2.0,0.0,0.0,0.0,0.0,0.0,4.0,0.0,0.0,0.0,12.0,0.0,1.0,0.0
39,13125.0,2019-11-18,1610,246.0,296.7,14.25,9.25,2.0,28655,4800.0,2311.0,1577.0,0.0,0.0,0.0,0.0,13.0,0.0,1.0,0.0,0.0,0.0,0.0,0.0,3.0,0.0,0.0,0.0,7.0,2.0,0.0,1.0
40,13125.0,2019-11-19,1344,210.0,248.95,6.0,2.0,0.0,18392,4064.0,2324.0,2248.0,0.0,0.0,0.0,0.0,11.0,2.0,0.0,0.0,0.0,0.0,0.0,0.0,3.0,0.0,0.0,0.0,2.0,0.0,0.0,0.0
41,13125.0,2019-11-20,1116,201.5,203.7,9.25,5.0,0.0,18478,4064.0,2377.0,1245.0,0.0,0.0,0.0,0.0,5.0,0.0,0.0,0.0,0.0,0.0,0.0,0.0,5.0,0.0,0.0,0.0,6.0,0.0,1.0,0.0
42,13125.0,2019-11-21,1903,280.0,328.8,14.25,4.25,4.25,27779,5556.0,2642.0,1672.0,0.0,0.0,0.0,0.0,7.0,0.0,0.0,0.0,0.0,0.0,0.0,0.0,8.0,0.0,0.0,0.0,9.0,2.0,0.0,1.0
43,13125.0,2019-11-22,1334,245.0,171.95,14.0,2.0,9.25,12144,2875.0,1112.0,759.0,0.0,0.0,0.0,0.0,7.0,0.0,0.0,0.0,0.0,0.0,0.0,0.0,1.0,0.0,0.0,0.0,3.0,0.0,1.0,1.0
44,13125.0,2019-11-23,1834,301.0,305.75,12.15,5.0,11.0,23447,1945.0,2220.0,2059.0,0.0,0.0,0.0,0.0,7.0,0.0,0.0,1.0,0.0,0.0,0.0,0.0,4.0,0.0,0.0,0.0,13.0,1.0,0.0,1.0
45,13125.0,2019-11-24,1585,273.0,257.79,13.2,4.25,11.5,16603,3775.0,2634.0,2026.0,0.0,0.0,0.0,0.0,3.0,1.0,0.0,0.0,0.0,0.0,0.0,0.0,3.0,0.0,0.0,0.0,9.0,0.0,1.0,0.0
46,13125.0,2019-11-25,1449,245.0,207.05,14.0,11.0,4.0,18935,3557.0,1852.0,1175.0,0.0,0.0,0.0,0.0,9.0,2.0,0.0,0.0,0.0,0.0,0.0,0.0,2.0,0.0,0.0,0.0,4.0,0.0,1.0,1.0
47,13125.0,2019-11-26,2278,364.0,380.0,22.5,30.75,3.0,39900,4694.0,4147.0,1951.0,0.0,0.0,0.0,0.0,16.0,1.0,1.0,0.0,0.0,0.0,0.0,0.0,2.0,0.0,0.0,0.0,12.0,1.0,1.0,0.0
48,13125.0,2019-11-27,2398,413.0,447.83,22.4,19.5,4.25,41319,6758.0,3899.0,4126.0,0.0,0.0,0.0,0.0,10.0,1.0,0.0,0.0,0.0,0.0,0.0,0.0,9.0,1.0,0.0,0.0,14.0,0.0,2.0,0.0
49,13125.0,2019-11-28,1728,329.0,250.2,27.0,8.4,3.0,21076,4566.0,5070.0,5790.0,0.0,0.0,0.0,0.0,7.0,1.0,0.0,0.0,0.0,0.0,0.0,0.0,5.0,1.0,0.0,0.0,5.0,0.0,0.0,0.0
50,13125.0,2019-11-29,1431,189.0,249.15,18.5,0.0,0.0,18327,2387.0,1269.0,1009.0,0.0,0.0,0.0,0.0,10.0,1.0,0.0,0.0,0.0,0.0,0.0,0.0,4.0,0.0,0.0,0.0,6.0,0.0,0.0,0.0
51,13125.0,2019-11-30,2218,339.5,260.93,28.5,7.25,8.5,25031,5382.0,2999.0,2472.0,0.0,0.0,0.0,0.0,8.0,0.0,0.0,0.0,0.0,0.0,0.0,0.0,1.0,3.0,0.0,0.0,8.0,0.0,1.0,0.0
52,13125.0,2019-12-01,2707,420.0,456.53,29.75,11.5,3.0,33470,6649.0,3799.0,2996.0,0.0,0.0,0.0,0.0,15.0,1.0,1.0,0.0,0.0,0.0,0.0,0.0,3.0,0.0,0.0,0.0,17.0,0.0,0.0,1.0
53,13125.0,2019-12-02,2468,367.5,308.68,20.25,4.25,0.0,29591,4639.0,2054.0,198.0,0.0,0.0,0.0,0.0,6.0,1.0,0.0,0.0,0.0,0.0,0.0,0.0,3.0,0.0,0.0,0.0,10.0,1.0,1.0,0.0
54,16675.0,2019-10-22,62,9.0,9.57,6.0,0.0,0.0,678,740.0,479.0,26.0,0.0,0.0,0.0,0.0,0.0,0.0,0.0,0.0,0.0,0.0,0.0,0.0,0.0,0.0,0.0,0.0,0.0,0.0,0.0,0.0
55,16675.0,2019-10-23,41,6.0,6.7,4.9,0.0,0.0,1392,1175.0,364.0,120.0,0.0,0.0,0.0,0.0,0.0,0.0,0.0,0.0,0.0,0.0,0.0,0.0,0.0,0.0,0.0,0.0,0.0,0.0,0.0,0.0
56,16675.0,2019-10-29,33,3.0,15.75,0.0,1.7,0.0,127,28.0,29.0,19.0,0.0,0.0,0.0,0.0,0.0,0.0,0.0,0.0,0.0,0.0,0.0,0.0,0.0,0.0,0.0,0.0,0.0,0.0,0.0,0.0
57,16675.0,2019-10-31,198,31.5,63.0,3.0,0.0,0.0,2615,2014.0,2242.0,2277.0,0.0,0.0,0.0,0.0,5.0,0.0,0.0,0.0,0.0,0.0,0.0,0.0,3.0,0.0,0.0,0.0,1.0,1.0,0.0,0.0
58,16675.0,2019-11-03,140,21.0,36.15,0.0,0.0,0.0,1734,61.0,43.0,51.0,0.0,0.0,0.0,0.0,1.0,0.0,0.0,0.0,0.0,0.0,0.0,0.0,1.0,0.0,0.0,0.0,0.0,0.0,0.0,0.0
59,16675.0,2019-11-05,158,35.0,37.15,7.0,4.25,0.0,1565,461.0,86.0,379.0,0.0,0.0,0.0,0.0,0.0,0.0,0.0,0.0,0.0,0.0,0.0,0.0,1.0,0.0,0.0,0.0,1.0,0.0,1.0,0.0
60,16675.0,2019-11-14,6,0.0,7.5,0.0,0.0,0.0,107,30.0,45.0,15.0,0.0,0.0,0.0,0.0,0.0,0.0,0.0,0.0,0.0,0.0,0.0,0.0,0.0,0.0,0.0,0.0,1.0,0.0,0.0,0.0
61,16701.0,2019-09-26,253,108.0,14.9,0.0,0.0,0.0,1734,337.0,259.0,195.0,0.0,0.0,0.0,0.0,0.0,0.0,0.0,0.0,0.0,0.0,0.0,0.0,0.0,0.0,0.0,0.0,0.0,0.0,0.0,0.0
62,16701.0,2019-09-28,251,48.0,29.0,0.0,0.0,1.9,3054,2617.0,397.0,6834.0,0.0,0.0,0.0,0.0,1.0,0.0,0.0,1.0,0.0,0.0,0.0,0.0,0.0,0.0,0.0,0.0,0.0,0.0,0.0,0.0
63,16701.0,2019-09-29,127,6.0,11.5,0.0,0.0,0.0,1228,101.0,22.0,8.0,0.0,0.0,0.0,0.0,0.0,0.0,0.0,0.0,0.0,0.0,0.0,0.0,0.0,0.0,0.0,0.0,0.0,0.0,0.0,0.0
64,16701.0,2019-09-30,503,63.0,20.7,3.0,0.0,0.0,5272,236.0,247.0,217.0,0.0,0.0,0.0,0.0,0.0,0.0,0.0,0.0,0.0,0.0,0.0,0.0,1.0,0.0,0.0,0.0,0.0,0.0,0.0,0.0
65,16701.0,2019-10-01,43,6.0,3.0,0.0,2.0,0.0,105,5.0,14.0,2.0,0.0,0.0,0.0,0.0,0.0,0.0,0.0,0.0,0.0,0.0,0.0,0.0,0.0,0.0,0.0,0.0,0.0,0.0,0.0,0.0
66,16701.0,2019-10-02,88,21.0,22.95,0.0,0.0,1.7,371,44.0,20.0,9.0,0.0,0.0,0.0,0.0,1.0,0.0,0.0,0.0,0.0,0.0,0.0,0.0,0.0,0.0,0.0,0.0,0.0,0.0,0.0,0.0
67,16701.0,2019-10-03,394,63.0,48.85,3.7,0.0,0.0,3223,754.0,319.0,403.0,0.0,0.0,0.0,0.0,0.0,0.0,0.0,0.0,0.0,0.0,0.0,0.0,3.0,0.0,0.0,0.0,1.0,0.0,0.0,0.0
68,16701.0,2019-10-04,635,63.0,79.35,13.1,3.9,0.0,4544,1030.0,852.0,353.0,0.0,0.0,0.0,0.0,5.0,1.0,0.0,0.0,0.0,0.0,0.0,0.0,1.0,0.0,0.0,0.0,3.0,0.0,0.0,0.0
69,16701.0,2019-10-05,642,48.0,88.5,8.25,0.0,0.0,6338,850.0,735.0,758.0,0.0,0.0,0.0,0.0,3.0,1.0,0.0,0.0,0.0,0.0,0.0,0.0,0.0,0.0,0.0,0.0,6.0,1.0,0.0,0.0
70,16701.0,2019-10-06,420,9.0,75.15,3.6,0.0,0.0,5579,2891.0,4939.0,4604.0,0.0,0.0,0.0,0.0,2.0,0.0,0.0,0.0,0.0,0.0,0.0,0.0,1.0,0.0,0.0,0.0,1.0,0.0,0.0,0.0
71,16701.0,2019-10-07,354,33.0,32.5,3.7,0.0,0.0,5834,8058.0,3817.0,2736.0,0.0,0.0,0.0,0.0,1.0,0.0,0.0,0.0,0.0,0.0,0.0,0.0,1.0,0.0,0.0,0.0,1.0,0.0,0.0,0.0
72,16701.0,2019-10-08,422,30.0,44.4,3.6,7.1,5.2,3830,1189.0,1521.0,1187.0,0.0,0.0,0.0,0.0,1.0,1.0,0.0,0.0,0.0,0.0,0.0,0.0,0.0,0.0,0.0,0.0,1.0,0.0,0.0,0.0
73,16701.0,2019-10-09,573,39.0,86.35,10.1,1.7,0.0,6660,1743.0,1938.0,2278.0,0.0,0.0,0.0,0.0,2.0,2.0,0.0,0.0,0.0,0.0,0.0,0.0,1.0,0.0,0.0,0.0,3.0,0.0,0.0,0.0
74,16701.0,2019-10-10,679,57.0,89.8,11.3,5.6,5.9,7320,3183.0,2094.0,1524.0,0.0,0.0,0.0,0.0,3.0,0.0,0.0,0.0,0.0,0.0,0.0,0.0,0.0,0.0,0.0,0.0,4.0,0.0,1.0,0.0
75,16701.0,2019-10-11,624,72.0,56.2,4.9,3.6,0.0,6169,2756.0,2353.0,1906.0,0.0,0.0,0.0,0.0,4.0,0.0,0.0,0.0,0.0,0.0,0.0,0.0,0.0,0.0,0.0,0.0,1.0,0.0,0.0,0.0
76,16701.0,2019-10-12,545,36.0,60.0,6.6,0.0,1.9,5339,3392.0,2375.0,3817.0,0.0,0.0,0.0,0.0,2.0,0.0,0.0,0.0,0.0,0.0,0.0,0.0,0.0,0.0,0.0,0.0,0.0,0.0,0.0,0.0
77,16701.0,2019-10-13,589,68.0,71.65,1.9,3.0,0.0,8196,2430.0,2334.0,1925.0,0.0,0.0,0.0,0.0,5.0,0.0,1.0,0.0,0.0,0.0,0.0,0.0,1.0,0.0,0.0,0.0,2.0,0.0,0.0,0.0
78,16701.0,2019-10-14,520,32.0,32.4,2.0,5.0,4.25,6898,1830.0,2714.0,876.0,0.0,0.0,0.0,0.0,1.0,0.0,0.0,0.0,0.0,0.0,0.0,0.0,0.0,0.0,0.0,0.0,1.0,0.0,0.0,0.0
79,16701.0,2019-10-15,718,88.0,72.55,11.15,10.45,3.0,8903,5340.0,3165.0,3354.0,0.0,0.0,0.0,0.0,2.0,1.0,0.0,0.0,0.0,0.0,0.0,0.0,1.0,0.0,0.0,0.0,2.0,0.0,0.0,0.0
80,16701.0,2019-10-16,738,68.0,102.05,8.6,2.0,2.0,7466,1854.0,770.0,470.0,0.0,0.0,0.0,0.0,4.0,0.0,0.0,0.0,0.0,0.0,0.0,0.0,1.0,0.0,0.0,0.0,1.0,0.0,0.0,0.0
81,16701.0,2019-10-17,678,72.0,91.75,9.9,7.9,0.0,7509,2450.0,1011.0,671.0,0.0,0.0,0.0,0.0,5.0,0.0,0.0,0.0,0.0,0.0,0.0,0.0,0.0,0.0,0.0,0.0,4.0,0.0,1.0,0.0
82,16701.0,2019-10-18,462,52.0,84.95,9.1,1.9,5.0,3769,494.0,329.0,630.0,0.0,0.0,0.0,0.0,0.0,0.0,0.0,0.0,0.0,0.0,0.0,0.0,2.0,0.0,0.0,0.0,1.0,0.0,0.0,0.0
83,16701.0,2019-10-21,148,16.0,25.15,0.0,3.0,0.0,2397,796.0,536.0,714.0,0.0,0.0,0.0,0.0,2.0,0.0,0.0,0.0,0.0,0.0,0.0,0.0,0.0,0.0,0.0,0.0,0.0,0.0,0.0,0.0
84,16701.0,2019-10-22,227,28.0,22.3,4.0,0.0,1.7,3797,619.0,307.0,238.0,0.0,0.0,0.0,0.0,1.0,0.0,0.0,1.0,0.0,0.0,0.0,0.0,0.0,0.0,0.0,0.0,1.0,0.0,0.0,0.0
85,16701.0,2019-11-04,483,80.5,73.6,3.5,1.7,1.9,4895,2539.0,2078.0,969.0,0.0,0.0,0.0,0.0,2.0,0.0,1.0,0.0,0.0,0.0,0.0,0.0,0.0,0.0,0.0,0.0,1.0,0.0,0.0,0.0
86,16701.0,2019-11-05,556,94.5,52.4,13.25,0.0,2.0,5680,2186.0,1645.0,753.0,0.0,0.0,0.0,0.0,1.0,0.0,0.0,0.0,0.0,0.0,0.0,0.0,0.0,0.0,0.0,0.0,2.0,0.0,0.0,0.0
87,16701.0,2019-11-06,648,76.5,61.95,3.4,0.0,3.0,5791,2880.0,1304.0,649.0,0.0,0.0,0.0,0.0,2.0,0.0,0.0,1.0,0.0,0.0,0.0,0.0,0.0,0.0,0.0,0.0,2.0,0.0,0.0,0.0
88,16701.0,2019-11-07,630,108.0,83.2,6.15,12.1,3.0,3787,1600.0,1218.0,726.0,0.0,0.0,0.0,0.0,0.0,0.0,0.0,0.0,0.0,0.0,0.0,0.0,0.0,0.0,0.0,0.0,1.0,1.0,0.0,1.0
89,17217.0,2019-11-10,148,6.0,10.75,0.0,0.0,0.0,887,761.0,757.0,543.0,0.0,0.0,0.0,0.0,0.0,0.0,0.0,0.0,0.0,0.0,0.0,0.0,0.0,0.0,0.0,0.0,0.0,0.0,0.0,0.0
90,17217.0,2019-11-11,119,9.0,20.15,0.0,0.0,0.0,1587,46.0,64.0,34.0,0.0,0.0,0.0,0.0,2.0,0.0,0.0,0.0,0.0,0.0,0.0,0.0,0.0,0.0,0.0,0.0,0.0,0.0,0.0,0.0
91,17217.0,2019-11-30,155,15.0,18.45,3.0,4.9,0.0,5285,883.0,3619.0,476.0,0.0,0.0,0.0,0.0,0.0,0.0,0.0,0.0,0.0,0.0,0.0,0.0,0.0,0.0,0.0,0.0,1.0,1.0,0.0,0.0
92,17217.0,2019-12-01,58,3.0,3.6,0.0,0.0,0.0,1704,29.0,85.0,78.0,0.0,0.0,0.0,0.0,1.0,0.0,0.0,0.0,0.0,0.0,0.0,0.0,0.0,0.0,0.0,0.0,0.0,0.0,0.0,0.0
93,18001.0,2019-10-23,140,3.0,16.4,0.0,0.0,0.0,439,52.0,26.0,13.0,0.0,0.0,0.0,0.0,1.0,0.0,0.0,0.0,0.0,0.0,0.0,0.0,0.0,0.0,0.0,0.0,0.0,0.0,0.0,0.0
94,18001.0,2019-10-25,240,12.0,3.6,0.0,0.0,0.0,908,27.0,0.0,17.0,0.0,0.0,0.0,0.0,0.0,0.0,0.0,0.0,0.0,0.0,0.0,0.0,0.0,0.0,0.0,0.0,0.0,0.0,0.0,0.0
95,18001.0,2019-10-30,473,6.0,1.9,0.0,0.0,0.0,1136,131.0,130.0,104.0,0.0,0.0,0.0,0.0,0.0,0.0,0.0,0.0,0.0,0.0,0.0,0.0,0.0,0.0,0.0,0.0,0.0,0.0,0.0,0.0
96,18001.0,2019-10-31,239,6.0,11.15,2.0,0.0,0.0,3328,2131.0,1659.0,845.0,0.0,0.0,0.0,0.0,0.0,0.0,0.0,0.0,0.0,0.0,0.0,0.0,0.0,0.0,0.0,0.0,0.0,0.0,0.0,0.0
97,18001.0,2019-11-01,264,21.0,7.3,0.0,0.0,0.0,1822,2.0,170.0,106.0,0.0,0.0,0.0,0.0,0.0,0.0,0.0,0.0,0.0,0.0,0.0,0.0,0.0,0.0,0.0,0.0,0.0,0.0,0.0,0.0
98,18001.0,2019-11-02,267,12.0,7.25,0.0,0.0,0.0,853,1.0,6.0,6.0,0.0,0.0,0.0,0.0,0.0,0.0,0.0,0.0,0.0,0.0,0.0,0.0,0.0,0.0,0.0,0.0,0.0,0.0,0.0,0.0
99,18001.0,2019-11-03,283,18.0,16.5,0.0,0.0,0.0,1208,169.0,49.0,64.0,0.0,0.0,0.0,0.0,0.0,0.0,0.0,0.0,0.0,0.0,0.0,0.0,0.0,0.0,0.0,0.0,0.0,0.0,0.0,0.0
100,18001.0,2019-11-04,264,15.0,17.85,0.0,0.0,0.0,1496,115.0,28.0,58.0,0.0,0.0,0.0,0.0,1.0,0.0,0.0,0.0,0.0,0.0,0.0,0.0,1.0,0.0,0.0,0.0,2.0,0.0,0.0,0.0
101,18001.0,2019-11-05,246,6.0,11.9,0.0,0.0,4.25,2841,829.0,798.0,1892.0,0.0,0.0,0.0,0.0,0.0,0.0,0.0,0.0,0.0,0.0,0.0,0.0,0.0,0.0,0.0,0.0,0.0,0.0,0.0,0.0
102,18001.0,2019-11-06,240,12.0,3.4,0.0,0.0,0.0,2463,645.0,896.0,688.0,0.0,0.0,0.0,0.0,1.0,0.0,0.0,0.0,0.0,0.0,0.0,0.0,0.0,0.0,0.0,0.0,0.0,0.0,0.0,0.0
103,18001.0,2019-11-07,212,9.0,12.4,0.0,0.0,0.0,1097,665.0,604.0,274.0,0.0,0.0,0.0,0.0,0.0,0.0,0.0,0.0,0.0,0.0,0.0,0.0,0.0,0.0,0.0,0.0,1.0,0.0,0.0,0.0
104,18001.0,2019-11-08,230,3.0,5.6,0.0,0.0,0.0,1660,286.0,140.0,138.0,0.0,0.0,0.0,0.0,1.0,0.0,0.0,0.0,0.0,0.0,0.0,0.0,0.0,0.0,0.0,0.0,0.0,0.0,0.0,0.0
105,18001.0,2019-11-10,228,9.0,7.0,0.0,0.0,0.0,1620,70.0,45.0,3.0,0.0,0.0,0.0,0.0,0.0,0.0,0.0,0.0,0.0,0.0,0.0,0.0,0.0,0.0,0.0,0.0,0.0,0.0,0.0,0.0
106,18001.0,2019-11-13,224,9.0,5.4,0.0,0.0,0.0,2054,55.0,879.0,70.0,0.0,0.0,0.0,0.0,0.0,0.0,0.0,0.0,0.0,0.0,0.0,0.0,0.0,0.0,0.0,0.0,0.0,0.0,0.0,0.0
107,18001.0,2019-11-14,291,6.0,9.0,0.0,0.0,0.0,3556,2204.0,106.0,187.0,0.0,0.0,0.0,0.0,2.0,0.0,0.0,0.0,0.0,0.0,0.0,0.0,0.0,0.0,0.0,0.0,0.0,0.0,0.0,0.0
108,18001.0,2019-11-21,513,36.0,25.95,0.0,0.0,1.9,8859,1573.0,510.0,203.0,0.0,0.0,0.0,0.0,0.0,0.0,0.0,0.0,0.0,0.0,0.0,0.0,1.0,0.0,0.0,0.0,1.0,0.0,0.0,0.0
109,18001.0,2019-11-22,434,24.0,17.15,0.0,0.0,0.0,3117,577.0,2051.0,1935.0,0.0,0.0,0.0,0.0,0.0,0.0,0.0,0.0,0.0,0.0,0.0,0.0,0.0,0.0,0.0,0.0,2.0,0.0,0.0,0.0
110,18001.0,2019-11-23,432,12.0,20.15,0.0,0.0,0.0,2502,351.0,185.0,65.0,0.0,0.0,0.0,0.0,0.0,0.0,0.0,0.0,0.0,0.0,0.0,0.0,0.0,0.0,0.0,0.0,1.0,0.0,0.0,0.0
111,18001.0,2019-11-24,369,18.0,5.6,0.0,4.25,0.0,1752,61.0,323.0,216.0,0.0,0.0,0.0,0.0,0.0,0.0,0.0,0.0,0.0,0.0,0.0,0.0,0.0,0.0,0.0,0.0,1.0,0.0,0.0,0.0
112,18001.0,2019-11-25,395,12.0,4.9,0.0,0.0,0.0,1104,90.0,5.0,9.0,0.0,0.0,0.0,0.0,0.0,0.0,0.0,0.0,0.0,0.0,0.0,0.0,0.0,0.0,0.0,0.0,0.0,0.0,0.0,0.0
113,18001.0,2019-11-26,380,12.0,21.35,0.0,0.0,0.0,1476,21.0,25.0,4.0,0.0,0.0,0.0,0.0,2.0,0.0,0.0,0.0,0.0,0.0,0.0,0.0,0.0,0.0,0.0,0.0,0.0,0.0,0.0,0.0
114,18001.0,2019-11-27,366,15.0,21.1,0.0,0.0,0.0,1407,109.0,10.0,70.0,0.0,0.0,0.0,0.0,2.0,0.0,0.0,0.0,0.0,0.0,0.0,0.0,0.0,0.0,0.0,0.0,0.0,0.0,0.0,0.0
115,18001.0,2019-11-28,405,12.0,24.4,0.0,0.0,0.0,1676,152.0,38.0,119.0,0.0,0.0,0.0,0.0,1.0,0.0,0.0,0.0,0.0,0.0,0.0,0.0,0.0,0.0,0.0,0.0,0.0,0.0,0.0,0.0
116,18001.0,2019-11-29,526,21.0,15.2,3.8,6.9,0.0,8985,361.0,913.0,476.0,0.0,0.0,0.0,0.0,0.0,0.0,0.0,0.0,0.0,0.0,0.0,0.0,0.0,0.0,0.0,0.0,1.0,0.0,0.0,0.0
117,18001.0,2019-11-30,445,27.0,19.45,1.7,0.0,0.0,2248,379.0,56.0,55.0,0.0,0.0,0.0,0.0,1.0,0.0,0.0,0.0,0.0,0.0,0.0,0.0,0.0,0.0,0.0,0.0,1.0,0.0,0.0,0.0
118,18001.0,2019-12-01,431,15.0,10.85,0.0,0.0,0.0,1697,237.0,143.0,110.0,0.0,0.0,0.0,0.0,0.0,0.0,0.0,0.0,0.0,0.0,0.0,0.0,0.0,0.0,0.0,0.0,0.0,0.0,0.0,0.0
119,19287.0,2019-11-16,10,0.0,7.25,0.0,0.0,0.0,779,0.0,0.0,94.0,0.0,0.0,0.0,0.0,1.0,0.0,0.0,0.0,0.0,0.0,0.0,0.0,0.0,0.0,0.0,0.0,0.0,0.0,0.0,0.0
120,22974.0,2019-11-17,103,3.0,5.0,0.0,0.0,0.0,716,334.0,544.0,672.0,0.0,0.0,0.0,0.0,0.0,0.0,0.0,0.0,0.0,0.0,0.0,0.0,0.0,0.0,0.0,0.0,0.0,0.0,0.0,0.0
121,24941.0,2019-10-02,74,9.0,12.15,1.9,0.0,0.0,689,62.0,224.0,358.0,0.0,0.0,0.0,0.0,0.0,0.0,0.0,0.0,0.0,0.0,0.0,0.0,0.0,0.0,0.0,0.0,1.0,1.0,0.0,0.0
122,24941.0,2019-10-03,58,3.0,6.5,0.0,0.0,0.0,739,177.0,224.0,290.0,0.0,0.0,0.0,0.0,0.0,0.0,0.0,0.0,0.0,0.0,0.0,0.0,1.0,0.0,0.0,0.0,0.0,0.0,0.0,0.0
123,24941.0,2019-10-04,122,15.0,12.3,0.0,2.0,1.6,1312,173.0,327.0,171.0,0.0,0.0,0.0,0.0,1.0,0.0,0.0,0.0,0.0,0.0,0.0,0.0,0.0,0.0,0.0,0.0,1.0,0.0,0.0,1.0
124,24941.0,2019-10-05,147,15.0,32.0,1.7,0.0,0.0,2340,631.0,43.0,580.0,0.0,0.0,0.0,0.0,1.0,0.0,0.0,0.0,0.0,0.0,0.0,0.0,1.0,0.0,0.0,0.0,0.0,0.0,0.0,0.0
125,24941.0,2019-10-06,129,27.0,17.0,0.0,0.0,0.0,1072,126.0,144.0,69.0,0.0,0.0,0.0,0.0,2.0,0.0,0.0,0.0,0.0,0.0,0.0,0.0,0.0,0.0,0.0,0.0,0.0,0.0,0.0,0.0
126,24941.0,2019-10-07,145,27.0,18.6,0.0,0.0,0.0,813,35.0,171.0,42.0,0.0,0.0,0.0,0.0,0.0,0.0,0.0,0.0,0.0,0.0,0.0,0.0,0.0,0.0,0.0,0.0,0.0,0.0,0.0,0.0
127,24941.0,2019-10-08,61,12.0,10.2,0.0,0.0,0.0,631,282.0,38.0,4.0,0.0,0.0,0.0,0.0,0.0,0.0,0.0,0.0,0.0,0.0,0.0,0.0,1.0,0.0,0.0,0.0,0.0,0.0,0.0,0.0
128,24941.0,2019-10-09,80,3.0,18.7,2.0,0.0,0.0,1812,400.0,47.0,116.0,0.0,0.0,0.0,0.0,2.0,0.0,0.0,0.0,0.0,0.0,0.0,0.0,0.0,0.0,0.0,0.0,0.0,0.0,0.0,0.0
129,24941.0,2019-10-10,103,12.0,14.18,1.7,0.0,0.0,7673,18853.0,22574.0,14322.0,0.0,0.0,0.0,0.0,0.0,0.0,0.0,0.0,0.0,0.0,0.0,0.0,1.0,0.0,0.0,0.0,0.0,0.0,0.0,0.0
130,24941.0,2019-10-11,90,9.0,7.9,0.0,0.0,0.0,758,93.0,93.0,112.0,0.0,0.0,0.0,0.0,0.0,0.0,0.0,0.0,0.0,0.0,0.0,0.0,0.0,0.0,0.0,0.0,1.0,0.0,0.0,0.0
131,24941.0,2019-10-12,55,6.0,9.0,0.0,0.0,0.0,414,6.0,12.0,4.0,0.0,0.0,0.0,0.0,0.0,0.0,0.0,0.0,0.0,0.0,0.0,0.0,0.0,0.0,0.0,0.0,1.0,0.0,0.0,0.0
132,24941.0,2019-10-13,78,18.0,9.4,0.0,0.0,0.0,540,20.0,30.0,103.0,0.0,0.0,0.0,0.0,1.0,0.0,0.0,0.0,0.0,0.0,0.0,0.0,0.0,0.0,0.0,0.0,0.0,0.0,0.0,0.0
133,24941.0,2019-10-14,72,15.0,6.7,0.0,0.0,0.0,852,59.0,66.0,68.0,0.0,0.0,0.0,0.0,0.0,0.0,0.0,0.0,0.0,0.0,0.0,0.0,0.0,0.0,0.0,0.0,0.0,0.0,0.0,0.0
134,24941.0,2019-10-15,76,9.0,12.3,0.0,0.0,0.0,485,91.0,27.0,41.0,0.0,0.0,0.0,0.0,0.0,0.0,0.0,0.0,0.0,0.0,0.0,0.0,0.0,0.0,0.0,0.0,3.0,0.0,0.0,0.0
135,24941.0,2019-10-16,59,12.0,6.9,0.0,0.0,0.0,1404,122.0,72.0,231.0,0.0,0.0,0.0,0.0,0.0,0.0,0.0,0.0,0.0,0.0,0.0,0.0,0.0,0.0,0.0,0.0,0.0,0.0,0.0,0.0
136,24941.0,2019-10-17,53,6.0,6.0,0.0,0.0,0.0,231,289.0,0.0,19.0,0.0,0.0,0.0,0.0,0.0,0.0,0.0,0.0,0.0,0.0,0.0,0.0,0.0,0.0,0.0,0.0,0.0,0.0,0.0,0.0
137,24941.0,2019-10-18,60,3.0,3.6,0.0,0.0,0.0,626,149.0,29.0,57.0,0.0,0.0,0.0,0.0,0.0,0.0,0.0,0.0,0.0,0.0,0.0,0.0,0.0,0.0,0.0,0.0,0.0,0.0,0.0,0.0
138,24941.0,2019-10-21,51,3.0,9.5,1.7,0.0,0.0,1986,154.0,180.0,12.0,0.0,0.0,0.0,0.0,1.0,0.0,0.0,0.0,0.0,0.0,0.0,0.0,0.0,0.0,0.0,0.0,1.0,1.0,0.0,0.0
139,24941.0,2019-10-22,117,15.0,28.55,3.8,0.0,0.0,906,134.0,38.0,113.0,0.0,0.0,0.0,0.0,0.0,0.0,0.0,0.0,0.0,0.0,0.0,0.0,0.0,0.0,0.0,0.0,3.0,0.0,0.0,0.0
140,24941.0,2019-10-23,91,15.0,14.1,0.0,1.9,0.0,758,61.0,184.0,3.0,0.0,0.0,0.0,0.0,0.0,0.0,0.0,0.0,0.0,0.0,0.0,0.0,0.0,0.0,0.0,0.0,0.0,0.0,0.0,0.0
141,24941.0,2019-10-24,123,15.0,27.5,2.0,0.0,0.0,1256,331.0,85.0,37.0,0.0,0.0,0.0,0.0,1.0,0.0,0.0,0.0,0.0,0.0,0.0,0.0,0.0,0.0,0.0,0.0,2.0,0.0,0.0,0.0
142,24941.0,2019-10-25,157,12.0,27.8,0.0,6.0,6.0,969,81.0,170.0,272.0,0.0,0.0,0.0,0.0,1.0,0.0,0.0,0.0,0.0,0.0,0.0,0.0,0.0,0.0,0.0,0.0,2.0,0.0,0.0,0.0
143,24941.0,2019-10-26,139,27.0,5.1,0.0,6.0,5.0,1020,202.0,241.0,128.0,0.0,0.0,0.0,0.0,1.0,0.0,0.0,0.0,0.0,0.0,0.0,0.0,0.0,0.0,0.0,0.0,1.0,0.0,0.0,0.0
144,24941.0,2019-10-27,151,15.0,13.25,0.0,5.6,0.0,1596,647.0,510.0,84.0,0.0,0.0,0.0,0.0,0.0,0.0,0.0,0.0,0.0,0.0,0.0,0.0,1.0,0.0,0.0,0.0,0.0,0.0,0.0,0.0
145,24941.0,2019-10-28,136,21.0,30.14,9.0,0.0,0.0,1633,102.0,89.0,22.0,0.0,0.0,0.0,0.0,0.0,0.0,0.0,0.0,0.0,0.0,0.0,0.0,0.0,0.0,0.0,0.0,1.0,1.0,0.0,0.0
146,24941.0,2019-10-29,93,9.0,13.1,0.0,0.0,0.0,692,181.0,103.0,66.0,0.0,0.0,0.0,0.0,0.0,0.0,0.0,0.0,0.0,0.0,0.0,0.0,0.0,0.0,0.0,0.0,1.0,0.0,0.0,0.0
147,24941.0,2019-10-30,152,18.0,19.6,0.0,0.0,0.0,2066,1566.0,181.0,187.0,0.0,0.0,0.0,0.0,0.0,0.0,0.0,0.0,0.0,0.0,0.0,0.0,1.0,0.0,0.0,0.0,1.0,0.0,0.0,0.0
148,24941.0,2019-10-31,99,12.0,3.6,0.0,0.0,3.5,526,74.0,0.0,19.0,0.0,0.0,0.0,0.0,0.0,0.0,0.0,0.0,0.0,0.0,0.0,0.0,0.0,0.0,0.0,0.0,1.0,0.0,0.0,0.0
149,24941.0,2019-11-01,118,18.0,16.35,7.0,0.0,0.0,4358,2084.0,1038.0,493.0,0.0,0.0,0.0,0.0,1.0,0.0,0.0,0.0,0.0,0.0,0.0,0.0,0.0,0.0,0.0,0.0,0.0,0.0,0.0,0.0
150,24941.0,2019-11-02,101,21.0,12.8,5.2,0.0,2.5,1133,258.0,181.0,464.0,0.0,0.0,0.0,0.0,1.0,0.0,0.0,0.0,0.0,0.0,0.0,0.0,0.0,0.0,0.0,0.0,0.0,0.0,0.0,0.0
151,24941.0,2019-11-03,109,15.0,25.45,0.0,0.0,0.0,1076,438.0,62.0,107.0,0.0,0.0,0.0,0.0,1.0,0.0,0.0,0.0,0.0,0.0,0.0,0.0,0.0,0.0,0.0,0.0,0.0,0.0,0.0,0.0
152,24941.0,2019-11-04,114,3.0,14.2,0.0,4.25,0.0,1252,162.0,176.0,227.0,0.0,0.0,0.0,0.0,1.0,0.0,0.0,0.0,0.0,0.0,0.0,0.0,0.0,0.0,0.0,0.0,0.0,0.0,0.0,0.0
153,24941.0,2019-11-05,114,18.0,14.75,4.0,0.0,4.25,4265,2055.0,1765.0,1422.0,0.0,0.0,0.0,0.0,1.0,0.0,0.0,1.0,0.0,0.0,0.0,0.0,0.0,0.0,0.0,0.0,1.0,0.0,0.0,0.0
154,24941.0,2019-11-06,58,3.0,15.25,0.0,0.0,0.0,365,21.0,51.0,67.0,0.0,0.0,0.0,0.0,1.0,0.0,0.0,0.0,0.0,0.0,0.0,0.0,0.0,0.0,0.0,0.0,0.0,0.0,0.0,0.0
155,24941.0,2019-11-07,49,6.0,3.6,0.0,0.0,2.5,261,317.0,14.0,90.0,0.0,0.0,0.0,0.0,0.0,0.0,0.0,0.0,0.0,0.0,0.0,0.0,0.0,0.0,0.0,0.0,0.0,0.0,0.0,0.0
156,24941.0,2019-11-08,69,12.0,10.15,0.0,0.0,0.0,935,81.0,136.0,176.0,0.0,0.0,0.0,0.0,0.0,0.0,0.0,0.0,0.0,0.0,0.0,0.0,0.0,0.0,0.0,0.0,0.0,0.0,0.0,0.0
157,24941.0,2019-11-09,75,9.0,4.0,0.0,0.0,0.0,642,64.0,23.0,35.0,0.0,0.0,0.0,0.0,0.0,0.0,0.0,0.0,0.0,0.0,0.0,0.0,0.0,0.0,0.0,0.0,0.0,0.0,0.0,0.0
158,24941.0,2019-11-10,67,9.0,3.0,0.0,0.0,0.0,944,249.0,903.0,460.0,0.0,0.0,0.0,0.0,0.0,0.0,0.0,0.0,0.0,0.0,0.0,0.0,0.0,0.0,0.0,0.0,0.0,0.0,0.0,0.0
159,24941.0,2019-11-11,62,15.0,6.7,8.5,0.0,4.25,827,206.0,114.0,89.0,0.0,0.0,0.0,0.0,0.0,0.0,0.0,0.0,0.0,0.0,0.0,0.0,0.0,0.0,0.0,0.0,1.0,2.0,0.0,0.0
160,24941.0,2019-11-12,9,0.0,7.7,0.0,0.0,0.0,94,178.0,0.0,68.0,0.0,0.0,0.0,0.0,0.0,0.0,0.0,0.0,0.0,0.0,0.0,0.0,0.0,0.0,0.0,0.0,0.0,0.0,0.0,0.0
161,24941.0,2019-11-20,14,3.0,3.0,0.0,0.0,0.0,226,22.0,484.0,88.0,0.0,0.0,0.0,0.0,0.0,0.0,0.0,0.0,0.0,0.0,0.0,0.0,0.0,0.0,0.0,0.0,0.0,0.0,0.0,0.0
162,25445.0,2019-10-21,47,6.0,7.25,0.0,0.0,0.0,602,354.0,340.0,146.0,0.0,0.0,0.0,0.0,0.0,0.0,0.0,0.0,0.0,0.0,0.0,0.0,0.0,0.0,0.0,0.0,0.0,0.0,0.0,0.0
163,25445.0,2019-10-22,108,12.0,14.15,0.0,0.0,0.0,1489,415.0,173.0,577.0,0.0,0.0,0.0,0.0,0.0,0.0,0.0,0.0,0.0,0.0,0.0,0.0,0.0,0.0,0.0,0.0,1.0,0.0,0.0,0.0
164,25445.0,2019-10-23,149,18.0,34.3,0.0,0.0,0.0,4700,3571.0,2315.0,533.0,0.0,0.0,0.0,0.0,3.0,0.0,0.0,0.0,0.0,0.0,0.0,0.0,0.0,0.0,0.0,0.0,1.0,0.0,0.0,0.0
165,25445.0,2019-10-24,115,15.0,12.75,0.0,8.65,0.0,1065,198.0,193.0,184.0,0.0,0.0,0.0,0.0,3.0,0.0,1.0,0.0,0.0,0.0,0.0,0.0,0.0,0.0,0.0,0.0,1.0,0.0,0.0,0.0
166,25445.0,2019-10-25,120,6.0,19.0,0.0,0.0,0.0,1279,251.0,514.0,297.0,0.0,0.0,0.0,0.0,0.0,0.0,0.0,0.0,0.0,0.0,0.0,0.0,0.0,0.0,0.0,0.0,1.0,0.0,0.0,0.0
167,25445.0,2019-10-26,39,0.0,3.0,0.0,0.0,0.0,161,5.0,0.0,1.0,0.0,0.0,0.0,0.0,0.0,0.0,0.0,0.0,0.0,0.0,0.0,0.0,0.0,0.0,0.0,0.0,0.0,0.0,0.0,0.0
168,26806.0,2019-10-06,13,4.0,11.7,0.0,0.0,0.0,1244,245.0,50.0,5.0,0.0,0.0,0.0,0.0,1.0,0.0,0.0,0.0,0.0,0.0,0.0,0.0,0.0,0.0,0.0,0.0,0.0,0.0,0.0,0.0
169,26806.0,2019-10-07,11,4.0,7.25,0.0,0.0,0.0,290,40.0,130.0,78.0,0.0,0.0,0.0,0.0,0.0,0.0,0.0,0.0,0.0,0.0,0.0,0.0,0.0,0.0,0.0,0.0,0.0,0.0,0.0,0.0
170,26806.0,2019-10-08,9,4.0,2.0,0.0,0.0,0.0,668,35.0,42.0,77.0,0.0,0.0,0.0,0.0,0.0,0.0,0.0,0.0,0.0,0.0,0.0,0.0,0.0,0.0,0.0,0.0,0.0,0.0,0.0,0.0
171,26806.0,2019-10-09,11,6.0,5.7,0.0,0.0,1.9,121,0.0,0.0,35.0,0.0,0.0,0.0,0.0,0.0,0.0,0.0,0.0,0.0,0.0,0.0,0.0,0.0,0.0,0.0,0.0,0.0,0.0,0.0,0.0
172,26806.0,2019-10-10,18,8.0,3.8,0.0,0.0,0.0,262,62.0,46.0,120.0,0.0,0.0,0.0,0.0,1.0,0.0,0.0,0.0,0.0,0.0,0.0,0.0,0.0,0.0,0.0,0.0,0.0,0.0,0.0,0.0
173,26806.0,2019-10-11,14,12.0,13.1,0.0,0.0,0.0,584,49.0,65.0,93.0,0.0,0.0,0.0,0.0,1.0,0.0,0.0,0.0,0.0,0.0,0.0,0.0,0.0,0.0,0.0,0.0,1.0,0.0,0.0,0.0
174,26806.0,2019-10-13,16,6.0,1.9,0.0,1.9,0.0,395,5.0,4.0,35.0,0.0,0.0,0.0,0.0,0.0,0.0,0.0,0.0,0.0,0.0,0.0,0.0,0.0,0.0,0.0,0.0,1.0,0.0,1.0,0.0
175,26806.0,2019-10-14,21,8.0,6.9,0.0,0.0,0.0,960,50.0,63.0,21.0,0.0,0.0,0.0,0.0,0.0,0.0,0.0,0.0,0.0,0.0,0.0,0.0,0.0,0.0,0.0,0.0,0.0,0.0,0.0,0.0
176,26806.0,2019-10-16,13,6.0,4.25,0.0,0.0,0.0,435,13.0,6.0,41.0,0.0,0.0,0.0,0.0,0.0,0.0,0.0,0.0,0.0,0.0,0.0,0.0,0.0,0.0,0.0,0.0,0.0,0.0,0.0,0.0
177,26806.0,2019-10-18,10,6.0,1.9,0.0,0.0,0.0,305,0.0,0.0,24.0,0.0,0.0,0.0,0.0,1.0,0.0,0.0,0.0,0.0,0.0,0.0,0.0,0.0,0.0,0.0,0.0,0.0,0.0,0.0,0.0
178,26806.0,2019-10-20,15,12.0,9.3,0.0,0.0,0.0,1228,600.0,0.0,82.0,0.0,0.0,0.0,0.0,0.0,0.0,0.0,0.0,0.0,0.0,0.0,0.0,0.0,0.0,0.0,0.0,0.0,0.0,0.0,0.0
179,26806.0,2019-10-21,18,0.0,4.9,0.0,0.0,0.0,529,212.0,42.0,210.0,0.0,0.0,0.0,0.0,0.0,0.0,0.0,0.0,0.0,0.0,0.0,0.0,0.0,0.0,0.0,0.0,2.0,0.0,0.0,0.0
180,26806.0,2019-10-22,19,8.0,5.95,0.0,0.0,3.5,903,48.0,110.0,165.0,0.0,0.0,0.0,0.0,1.0,0.0,0.0,0.0,0.0,0.0,0.0,0.0,0.0,0.0,0.0,0.0,0.0,0.0,0.0,0.0
181,26806.0,2019-10-26,22,10.0,7.7,0.0,0.0,0.0,834,206.0,151.0,33.0,0.0,0.0,0.0,0.0,0.0,0.0,0.0,0.0,0.0,0.0,0.0,0.0,0.0,0.0,0.0,0.0,0.0,0.0,0.0,0.0
182,26806.0,2019-10-28,23,14.0,5.4,0.0,0.0,0.0,803,38.0,13.0,2.0,0.0,0.0,0.0,0.0,0.0,0.0,0.0,0.0,0.0,0.0,0.0,0.0,0.0,0.0,0.0,0.0,0.0,0.0,0.0,0.0
183,26806.0,2019-10-31,23,8.0,7.0,0.0,0.0,0.0,449,151.0,43.0,12.0,0.0,0.0,0.0,0.0,0.0,0.0,0.0,0.0,0.0,0.0,0.0,0.0,0.0,0.0,0.0,0.0,0.0,0.0,0.0,0.0
184,26806.0,2019-11-02,14,8.0,7.5,0.0,0.0,0.0,652,26.0,39.0,39.0,0.0,0.0,0.0,0.0,0.0,0.0,0.0,0.0,0.0,0.0,0.0,0.0,0.0,0.0,0.0,0.0,0.0,0.0,0.0,0.0
185,26806.0,2019-11-03,21,8.0,4.25,2.0,4.25,0.0,1072,240.0,240.0,398.0,0.0,0.0,0.0,0.0,0.0,0.0,0.0,0.0,0.0,0.0,0.0,0.0,0.0,0.0,0.0,0.0,0.0,0.0,0.0,0.0
186,26806.0,2019-11-05,21,8.0,4.9,0.0,0.0,0.0,1557,613.0,185.0,495.0,0.0,0.0,0.0,0.0,1.0,0.0,0.0,0.0,0.0,0.0,0.0,0.0,0.0,0.0,0.0,0.0,0.0,0.0,0.0,0.0
187,26806.0,2019-11-06,19,8.0,1.9,3.0,0.0,0.0,283,117.0,26.0,50.0,0.0,0.0,0.0,0.0,0.0,0.0,0.0,0.0,0.0,0.0,0.0,0.0,0.0,0.0,0.0,0.0,0.0,0.0,0.0,0.0
188,26806.0,2019-11-07,13,6.0,4.0,0.0,0.0,0.0,1553,2.0,2.0,11.0,0.0,0.0,0.0,0.0,0.0,0.0,0.0,0.0,0.0,0.0,0.0,0.0,0.0,0.0,0.0,0.0,0.0,0.0,0.0,0.0
189,27966.0,2019-11-09,72,3.0,9.9,0.0,0.0,0.0,380,35.0,34.0,936.0,0.0,0.0,0.0,0.0,0.0,0.0,0.0,0.0,0.0,0.0,0.0,0.0,0.0,0.0,0.0,0.0,0.0,0.0,0.0,0.0
190,28430.0,2019-10-14,180,18.0,9.6,0.0,0.0,0.0,819,67.0,45.0,2.0,0.0,0.0,0.0,0.0,0.0,0.0,0.0,0.0,0.0,0.0,0.0,0.0,0.0,0.0,0.0,0.0,0.0,0.0,0.0,0.0
191,28430.0,2019-11-07,24,3.0,4.0,0.0,0.0,0.0,2953,1209.0,1610.0,1058.0,0.0,0.0,0.0,0.0,0.0,0.0,0.0,0.0,0.0,0.0,0.0,0.0,0.0,0.0,0.0,0.0,0.0,0.0,0.0,0.0
192,28942.0,2019-11-04,64,6.0,3.5,2.5,0.0,0.0,442,591.0,476.0,296.0,0.0,0.0,0.0,0.0,0.0,0.0,0.0,0.0,0.0,0.0,0.0,0.0,0.0,0.0,0.0,0.0,0.0,0.0,0.0,0.0
193,28942.0,2019-11-08,117,21.0,24.15,0.0,0.0,4.4,1340,475.0,392.0,351.0,0.0,0.0,0.0,0.0,0.0,0.0,0.0,0.0,0.0,0.0,0.0,0.0,1.0,0.0,0.0,0.0,0.0,0.0,0.0,0.0
194,28942.0,2019-11-14,355,48.0,74.85,4.25,0.0,0.0,3213,205.0,606.0,826.0,0.0,0.0,0.0,0.0,1.0,0.0,0.0,0.0,0.0,0.0,0.0,0.0,2.0,0.0,0.0,0.0,2.0,0.0,0.0,0.0
195,28942.0,2019-11-15,269,39.0,27.35,0.0,0.0,0.0,2495,306.0,110.0,149.0,0.0,0.0,0.0,0.0,1.0,0.0,0.0,0.0,0.0,0.0,0.0,0.0,0.0,0.0,0.0,0.0,0.0,0.0,0.0,0.0
196,28942.0,2019-11-16,72,9.0,7.85,0.0,0.0,0.0,559,11.0,3.0,10.0,0.0,0.0,0.0,0.0,0.0,0.0,0.0,0.0,0.0,0.0,0.0,0.0,0.0,0.0,0.0,0.0,0.0,0.0,0.0,0.0
197,28942.0,2019-11-17,485,60.0,66.0,1.7,1.9,0.0,4603,813.0,621.0,436.0,0.0,0.0,0.0,0.0,1.0,0.0,1.0,0.0,0.0,0.0,0.0,0.0,3.0,0.0,0.0,0.0,2.0,0.0,0.0,0.0
198,28942.0,2019-11-18,245,27.0,23.0,2.0,0.0,0.0,1648,504.0,250.0,187.0,0.0,0.0,0.0,0.0,2.0,0.0,0.0,0.0,0.0,0.0,0.0,0.0,0.0,0.0,0.0,0.0,0.0,0.0,0.0,0.0
199,28942.0,2019-11-19,224,0.0,6.25,0.0,0.0,0.0,659,33.0,1.0,6.0,0.0,0.0,0.0,0.0,0.0,0.0,0.0,0.0,0.0,0.0,0.0,0.0,0.0,0.0,0.0,0.0,0.0,0.0,0.0,0.0
200,28942.0,2019-11-20,510,33.0,35.75,0.0,3.0,0.0,2873,235.0,211.0,116.0,0.0,0.0,0.0,0.0,1.0,0.0,0.0,0.0,0.0,0.0,0.0,0.0,1.0,0.0,0.0,0.0,0.0,0.0,0.0,0.0
201,28942.0,2019-11-21,316,3.0,15.9,0.0,0.0,0.0,968,17.0,56.0,239.0,0.0,0.0,0.0,0.0,0.0,0.0,0.0,0.0,0.0,0.0,0.0,0.0,0.0,0.0,0.0,0.0,1.0,0.0,0.0,0.0
202,28942.0,2019-11-22,299,6.0,7.75,0.0,0.0,0.0,485,30.0,19.0,18.0,0.0,0.0,0.0,0.0,0.0,0.0,0.0,0.0,0.0,0.0,0.0,0.0,0.0,0.0,0.0,0.0,0.0,0.0,0.0,0.0
203,28942.0,2019-11-23,233,3.0,15.5,0.0,0.0,0.0,365,26.0,42.0,20.0,0.0,0.0,0.0,0.0,0.0,0.0,0.0,0.0,0.0,0.0,0.0,0.0,0.0,0.0,0.0,0.0,1.0,0.0,0.0,0.0
204,28942.0,2019-11-24,220,6.0,8.5,0.0,0.0,0.0,613,288.0,366.0,265.0,0.0,0.0,0.0,0.0,0.0,0.0,0.0,0.0,0.0,0.0,0.0,0.0,0.0,0.0,0.0,0.0,0.0,0.0,0.0,0.0
205,28942.0,2019-11-25,212,0.0,22.5,0.0,0.0,0.0,540,13.0,13.0,11.0,0.0,0.0,0.0,0.0,0.0,0.0,0.0,0.0,0.0,0.0,0.0,0.0,0.0,0.0,0.0,0.0,0.0,0.0,0.0,0.0
206,28942.0,2019-11-26,226,3.0,5.15,0.0,0.0,0.0,626,167.0,228.0,113.0,0.0,0.0,0.0,0.0,0.0,0.0,0.0,0.0,0.0,0.0,0.0,0.0,0.0,0.0,0.0,0.0,0.0,0.0,0.0,0.0
207,28942.0,2019-11-28,201,6.0,8.5,0.0,0.0,0.0,576,250.0,95.0,25.0,0.0,0.0,0.0,0.0,0.0,0.0,0.0,0.0,0.0,0.0,0.0,0.0,0.0,0.0,0.0,0.0,0.0,0.0,0.0,0.0
208,28942.0,2019-11-29,245,3.0,23.9,0.0,0.0,0.0,658,89.0,95.0,56.0,0.0,0.0,0.0,0.0,1.0,0.0,0.0,0.0,0.0,0.0,0.0,0.0,0.0,0.0,0.0,0.0,0.0,0.0,0.0,0.0
209,28942.0,2019-11-30,117,3.0,18.75,4.25,0.0,0.0,448,98.0,53.0,31.0,0.0,0.0,0.0,0.0,0.0,0.0,0.0,0.0,0.0,0.0,0.0,0.0,0.0,0.0,0.0,0.0,0.0,0.0,0.0,0.0
210,28942.0,2019-12-01,141,9.0,4.25,0.0,0.0,0.0,429,56.0,16.0,10.0,0.0,0.0,0.0,0.0,0.0,0.0,0.0,0.0,0.0,0.0,0.0,0.0,0.0,0.0,0.0,0.0,0.0,0.0,0.0,0.0
211,29365.0,2019-11-07,6,0.0,6.1,0.0,0.0,0.0,561,256.0,142.0,646.0,0.0,0.0,0.0,0.0,2.0,0.0,0.0,0.0,0.0,0.0,0.0,0.0,0.0,0.0,0.0,0.0,0.0,0.0,0.0,0.0
212,29788.0,2019-11-04,42,6.0,7.1,0.0,0.0,0.0,440,151.0,253.0,127.0,0.0,0.0,0.0,0.0,0.0,0.0,0.0,0.0,0.0,0.0,0.0,0.0,0.0,0.0,0.0,0.0,0.0,0.0,0.0,0.0
213,29788.0,2019-11-05,48,3.0,12.95,0.0,0.0,0.0,1351,2163.0,1692.0,759.0,0.0,0.0,0.0,0.0,1.0,0.0,0.0,0.0,0.0,0.0,0.0,0.0,0.0,0.0,0.0,0.0,1.0,0.0,0.0,0.0
214,30697.0,2019-11-05,60,9.0,13.0,2.5,0.0,0.0,1022,127.0,144.0,9.0,0.0,0.0,0.0,0.0,0.0,0.0,0.0,0.0,0.0,0.0,0.0,0.0,0.0,0.0,0.0,0.0,0.0,0.0,0.0,0.0
215,30697.0,2019-11-06,385,36.0,44.85,7.0,0.0,0.0,5465,1166.0,1106.0,1099.0,0.0,0.0,0.0,0.0,2.0,0.0,0.0,0.0,0.0,0.0,0.0,0.0,0.0,0.0,0.0,0.0,3.0,0.0,0.0,0.0
216,30697.0,2019-11-15,670,72.0,97.85,3.0,0.0,3.0,7049,1093.0,377.0,322.0,0.0,0.0,0.0,0.0,3.0,0.0,0.0,1.0,0.0,0.0,0.0,0.0,0.0,0.0,0.0,0.0,1.0,0.0,0.0,0.0
217,30697.0,2019-11-16,932,114.0,98.9,6.0,4.0,0.0,7069,1872.0,1414.0,747.0,0.0,0.0,0.0,0.0,3.0,0.0,0.0,0.0,0.0,0.0,0.0,0.0,0.0,0.0,0.0,0.0,2.0,0.0,0.0,0.0
218,30697.0,2019-11-17,839,93.0,110.65,0.0,1.9,3.5,6021,1607.0,471.0,298.0,0.0,0.0,0.0,0.0,4.0,0.0,0.0,0.0,0.0,0.0,0.0,0.0,4.0,0.0,0.0,0.0,1.0,0.0,0.0,0.0
219,30697.0,2019-11-18,841,90.0,112.6,0.0,7.0,0.0,5481,472.0,409.0,620.0,0.0,0.0,0.0,0.0,2.0,0.0,0.0,0.0,0.0,0.0,0.0,0.0,2.0,0.0,0.0,0.0,3.0,0.0,0.0,0.0
220,30697.0,2019-11-19,97,12.0,7.0,0.0,0.0,0.0,1504,310.0,329.0,289.0,0.0,0.0,0.0,0.0,0.0,0.0,0.0,0.0,0.0,0.0,0.0,0.0,0.0,0.0,0.0,0.0,0.0,0.0,0.0,0.0
221,30697.0,2019-11-21,113,24.0,9.5,0.0,0.0,0.0,880,158.0,164.0,107.0,0.0,0.0,0.0,0.0,0.0,0.0,0.0,0.0,0.0,0.0,0.0,0.0,0.0,0.0,0.0,0.0,0.0,0.0,0.0,0.0
222,310.0,2019-09-02,65,0.0,3.0,0.0,0.0,0.0,1087,16.0,20.0,67.0,0.0,0.0,0.0,0.0,0.0,0.0,0.0,0.0,0.0,0.0,0.0,0.0,1.0,0.0,0.0,0.0,1.0,0.0,0.0,0.0
223,310.0,2019-09-05,23,0.0,1.6,0.0,0.0,0.0,159,18.0,0.0,18.0,0.0,0.0,0.0,0.0,0.0,0.0,0.0,0.0,0.0,0.0,0.0,0.0,0.0,0.0,0.0,0.0,0.0,0.0,0.0,0.0
224,310.0,2019-09-08,33,0.0,5.3,0.0,0.0,0.0,739,15.0,41.0,1.0,0.0,0.0,0.0,0.0,0.0,0.0,0.0,0.0,0.0,0.0,0.0,0.0,0.0,0.0,0.0,0.0,0.0,0.0,0.0,0.0
225,310.0,2019-09-15,36,0.0,1.7,0.0,0.0,0.0,703,74.0,70.0,239.0,0.0,0.0,0.0,0.0,0.0,0.0,0.0,0.0,0.0,0.0,0.0,0.0,0.0,0.0,0.0,0.0,1.0,0.0,0.0,0.0
226,310.0,2019-09-22,20,0.0,3.3,0.0,0.0,0.0,676,144.0,144.0,208.0,0.0,0.0,0.0,0.0,0.0,0.0,0.0,0.0,0.0,0.0,0.0,0.0,0.0,0.0,0.0,0.0,0.0,0.0,0.0,0.0
227,310.0,2019-09-24,10,0.0,1.6,0.0,0.0,0.0,44,9.0,0.0,4.0,0.0,0.0,0.0,0.0,0.0,0.0,0.0,0.0,0.0,0.0,0.0,0.0,0.0,0.0,0.0,0.0,0.0,0.0,0.0,0.0
228,310.0,2019-09-30,13,0.0,5.5,0.02,0.0,0.0,2510,2530.0,744.0,481.0,0.0,0.0,0.0,0.0,0.0,0.0,0.0,0.0,0.0,0.0,0.0,0.0,0.0,0.0,0.0,0.0,0.0,0.0,0.0,0.0
229,310.0,2019-10-11,15,0.0,1.73,0.0,0.0,0.0,1170,1610.0,1035.0,3335.0,0.0,0.0,0.0,0.0,0.0,0.0,0.0,0.0,0.0,0.0,0.0,0.0,0.0,0.0,0.0,0.0,0.0,0.0,0.0,0.0
230,310.0,2019-10-12,5,0.0,1.7,0.0,0.0,0.0,147,18.0,18.0,18.0,0.0,0.0,0.0,0.0,0.0,0.0,0.0,0.0,0.0,0.0,0.0,0.0,0.0,0.0,0.0,0.0,0.0,0.0,0.0,0.0
231,310.0,2019-10-14,18,0.0,7.9,0.0,0.0,0.0,218,41.0,14.0,9.0,0.0,0.0,0.0,0.0,1.0,0.0,0.0,0.0,0.0,0.0,0.0,0.0,0.0,0.0,0.0,0.0,0.0,0.0,0.0,0.0
232,310.0,2019-10-17,13,0.0,9.7,0.0,0.0,0.0,175,75.0,73.0,45.0,0.0,0.0,0.0,0.0,0.0,0.0,0.0,0.0,0.0,0.0,0.0,0.0,1.0,0.0,0.0,0.0,0.0,0.0,0.0,0.0
233,310.0,2019-10-18,11,0.0,7.25,0.0,0.0,0.0,121,0.0,2.0,1.0,0.0,0.0,0.0,0.0,0.0,0.0,0.0,0.0,0.0,0.0,0.0,0.0,0.0,0.0,0.0,0.0,0.0,0.0,0.0,0.0
234,310.0,2019-10-20,15,0.0,2.0,0.0,0.0,0.0,733,3.0,0.0,8.0,0.0,0.0,0.0,0.0,0.0,0.0,0.0,0.0,0.0,0.0,0.0,0.0,0.0,0.0,0.0,0.0,0.0,0.0,0.0,0.0
235,310.0,2019-10-30,10,0.0,9.0,0.0,0.0,0.0,170,10.0,25.0,2.0,0.0,0.0,0.0,0.0,1.0,0.0,0.0,0.0,0.0,0.0,0.0,0.0,0.0,0.0,0.0,0.0,0.0,0.0,0.0,0.0
236,310.0,2019-11-02,9,0.0,3.61,0.0,0.0,0.0,369,744.0,633.0,3.0,0.0,0.0,0.0,0.0,0.0,0.0,0.0,0.0,0.0,0.0,0.0,0.0,1.0,0.0,0.0,0.0,0.0,0.0,0.0,0.0
237,310.0,2019-11-08,50,0.0,7.0,0.0,0.0,0.0,467,282.0,76.0,24.0,0.0,0.0,0.0,0.0,0.0,0.0,0.0,0.0,0.0,0.0,0.0,0.0,0.0,0.0,0.0,0.0,0.0,0.0,0.0,0.0
238,310.0,2019-11-10,32,0.0,6.0,0.0,0.0,0.0,237,49.0,58.0,34.0,0.0,0.0,0.0,0.0,0.0,0.0,0.0,0.0,0.0,0.0,0.0,0.0,1.0,0.0,0.0,0.0,0.0,0.0,0.0,0.0
239,310.0,2019-11-11,22,0.0,1.7,0.0,0.0,0.0,517,11.0,12.0,1.0,0.0,0.0,0.0,0.0,0.0,0.0,0.0,0.0,0.0,0.0,0.0,0.0,0.0,0.0,0.0,0.0,0.0,0.0,0.0,0.0
240,310.0,2019-11-13,20,0.0,4.0,0.0,0.0,0.0,411,56.0,81.0,30.0,0.0,0.0,0.0,0.0,0.0,0.0,0.0,0.0,0.0,0.0,0.0,0.0,0.0,0.0,0.0,0.0,0.0,0.0,0.0,0.0
241,310.0,2019-11-14,17,0.0,3.9,0.0,0.0,0.0,164,22.0,2.0,6.0,0.0,0.0,0.0,0.0,1.0,0.0,0.0,0.0,0.0,0.0,0.0,0.0,0.0,0.0,0.0,0.0,0.0,0.0,0.0,0.0
242,310.0,2019-11-15,39,0.0,12.9,0.0,0.0,0.0,1018,385.0,72.0,22.0,0.0,0.0,0.0,0.0,0.0,0.0,0.0,0.0,0.0,0.0,0.0,0.0,0.0,0.0,0.0,0.0,1.0,0.0,0.0,0.0
243,310.0,2019-11-17,33,0.0,10.25,4.25,4.25,0.0,482,253.0,719.0,26.0,0.0,0.0,0.0,0.0,0.0,0.0,0.0,0.0,0.0,0.0,0.0,0.0,0.0,0.0,0.0,0.0,0.0,0.0,0.0,0.0
244,310.0,2019-11-24,29,0.0,0.05,0.0,0.0,0.0,182,21.0,6.0,19.0,0.0,0.0,0.0,0.0,0.0,0.0,0.0,0.0,0.0,0.0,0.0,0.0,0.0,0.0,0.0,0.0,1.0,0.0,0.0,0.0
245,310.0,2019-11-25,15,0.0,3.0,0.0,0.0,0.0,159,5.0,2.0,1.0,0.0,0.0,0.0,0.0,0.0,0.0,0.0,0.0,0.0,0.0,0.0,0.0,0.0,0.0,0.0,0.0,1.0,0.0,0.0,0.0
246,310.0,2019-11-28,16,0.0,3.5,0.0,0.0,0.0,268,36.0,11.0,1.0,0.0,0.0,0.0,0.0,0.0,0.0,0.0,0.0,0.0,0.0,0.0,0.0,0.0,0.0,0.0,0.0,0.0,0.0,0.0,0.0
247,310.0,2019-11-29,63,0.0,2.0,0.0,0.0,0.0,766,55.0,8.0,3.0,0.0,0.0,0.0,0.0,0.0,0.0,0.0,0.0,0.0,0.0,0.0,0.0,0.0,0.0,0.0,0.0,1.0,0.0,0.0,0.0
248,310.0,2019-11-30,310,0.0,15.04,0.0,0.0,0.0,1330,264.0,240.0,137.0,0.0,0.0,0.0,0.0,4.0,0.0,0.0,0.0,0.0,0.0,0.0,0.0,2.0,0.0,0.0,0.0,0.0,0.0,0.0,0.0
249,310.0,2019-12-01,318,0.0,0.24,0.0,0.0,0.0,1287,127.0,57.0,61.0,0.0,0.0,0.0,0.0,2.0,0.0,0.0,0.0,0.0,0.0,0.0,0.0,0.0,0.0,0.0,0.0,2.0,0.0,0.0,0.0
250,3102021.0,2019-09-25,40,0.0,1.6,0.0,0.0,0.0,848,49.0,48.0,15.0,0.0,0.0,0.0,0.0,1.0,0.0,0.0,0.0,0.0,0.0,0.0,0.0,0.0,0.0,0.0,0.0,0.0,0.0,0.0,0.0
251,3102021.0,2019-09-26,49,0.0,1.7,0.0,0.0,0.0,1088,220.0,253.0,128.0,0.0,0.0,0.0,0.0,0.0,0.0,0.0,0.0,0.0,0.0,0.0,0.0,0.0,0.0,0.0,0.0,0.0,0.0,0.0,0.0
252,3102021.0,2019-09-28,43,0.0,1.7,3.0,0.0,0.0,1117,211.0,141.0,31.0,0.0,0.0,0.0,0.0,0.0,0.0,0.0,0.0,0.0,0.0,0.0,0.0,0.0,0.0,0.0,0.0,0.0,0.0,0.0,0.0
253,3102021.0,2019-10-02,32,0.0,2.0,0.0,0.0,1.9,310,12.0,20.0,18.0,0.0,0.0,0.0,0.0,0.0,0.0,0.0,0.0,0.0,0.0,0.0,0.0,0.0,0.0,0.0,0.0,0.0,0.0,0.0,0.0
254,3102021.0,2019-10-04,26,0.0,2.0,1.9,0.0,0.0,117,4.0,2.0,44.0,0.0,0.0,0.0,0.0,0.0,0.0,0.0,0.0,0.0,0.0,0.0,0.0,0.0,0.0,0.0,0.0,0.0,0.0,0.0,0.0
255,3102021.0,2019-10-06,41,0.0,3.6,0.0,0.0,0.0,1088,304.0,39.0,52.0,0.0,0.0,0.0,0.0,0.0,0.0,0.0,0.0,0.0,0.0,0.0,0.0,0.0,0.0,0.0,0.0,0.0,0.0,0.0,0.0
256,3102021.0,2019-10-10,29,0.0,0.02,0.0,0.0,0.0,864,66.0,41.0,10.0,0.0,0.0,0.0,0.0,0.0,0.0,0.0,0.0,0.0,0.0,0.0,0.0,0.0,0.0,0.0,0.0,0.0,0.0,0.0,0.0
257,3102021.0,2019-10-15,49,0.0,1.7,0.0,0.0,0.0,367,7.0,7.0,6.0,0.0,0.0,0.0,0.0,0.0,0.0,0.0,0.0,0.0,0.0,0.0,0.0,0.0,0.0,0.0,0.0,0.0,0.0,0.0,0.0
258,3102021.0,2019-10-16,37,0.0,5.8,0.0,0.0,0.0,479,18.0,43.0,6.0,0.0,0.0,0.0,0.0,1.0,0.0,0.0,0.0,0.0,0.0,0.0,0.0,0.0,0.0,0.0,0.0,0.0,0.0,0.0,0.0
259,3102021.0,2019-10-17,26,0.0,1.9,0.0,0.0,0.0,416,82.0,56.0,24.0,0.0,0.0,0.0,0.0,0.0,0.0,0.0,0.0,0.0,0.0,0.0,0.0,0.0,0.0,0.0,0.0,0.0,0.0,0.0,0.0
260,3102021.0,2019-10-18,23,0.0,5.6,0.0,0.0,0.0,284,78.0,124.0,34.0,0.0,0.0,0.0,0.0,1.0,0.0,0.0,0.0,0.0,0.0,0.0,0.0,0.0,0.0,0.0,0.0,0.0,0.0,0.0,0.0
261,3102021.0,2019-10-21,36,0.0,13.6,1.9,1.9,0.0,296,246.0,74.0,165.0,0.0,0.0,0.0,0.0,1.0,0.0,0.0,0.0,0.0,0.0,0.0,0.0,0.0,0.0,0.0,0.0,1.0,0.0,0.0,0.0
262,3102021.0,2019-10-23,48,0.0,3.8,0.0,0.0,0.0,286,76.0,19.0,6.0,0.0,0.0,0.0,0.0,0.0,0.0,0.0,0.0,0.0,0.0,0.0,0.0,0.0,0.0,0.0,0.0,0.0,0.0,0.0,0.0
263,3102021.0,2019-10-25,43,0.0,4.4,0.0,0.0,0.0,244,44.0,15.0,5.0,0.0,0.0,0.0,0.0,0.0,0.0,0.0,0.0,0.0,0.0,0.0,0.0,0.0,0.0,0.0,0.0,0.0,0.0,0.0,0.0
264,3102021.0,2019-10-26,47,0.0,3.0,0.0,0.0,0.0,494,198.0,250.0,22.0,0.0,0.0,0.0,0.0,0.0,0.0,0.0,0.0,0.0,0.0,0.0,0.0,0.0,0.0,0.0,0.0,0.0,0.0,0.0,0.0
265,3102021.0,2019-10-27,43,0.0,5.7,0.0,0.0,0.0,187,15.0,6.0,39.0,0.0,0.0,0.0,0.0,0.0,0.0,0.0,0.0,0.0,0.0,0.0,0.0,0.0,0.0,0.0,0.0,0.0,0.0,0.0,0.0
266,3102021.0,2019-10-30,47,0.0,10.0,0.0,0.0,0.0,1303,12.0,27.0,197.0,0.0,0.0,0.0,0.0,0.0,0.0,0.0,0.0,0.0,0.0,0.0,0.0,0.0,0.0,0.0,0.0,0.0,0.0,0.0,0.0
267,3102021.0,2019-11-03,38,0.0,5.6,0.0,0.0,3.0,247,19.0,4.0,36.0,0.0,0.0,0.0,0.0,0.0,0.0,0.0,0.0,0.0,0.0,0.0,0.0,0.0,0.0,0.0,0.0,0.0,0.0,0.0,0.0
268,3102021.0,2019-11-07,28,2.0,3.0,0.0,0.0,0.0,339,22.0,55.0,73.0,0.0,0.0,0.0,0.0,1.0,0.0,0.0,0.0,0.0,0.0,0.0,0.0,0.0,0.0,0.0,0.0,0.0,0.0,0.0,0.0
269,3102021.0,2019-11-08,9,0.0,1.7,0.0,0.0,0.0,236,0.0,1.0,108.0,0.0,0.0,0.0,0.0,0.0,0.0,0.0,0.0,0.0,0.0,0.0,0.0,0.0,0.0,0.0,0.0,0.0,0.0,0.0,0.0
270,3102021.0,2019-11-12,28,0.0,4.25,0.0,0.0,0.0,353,6.0,0.0,14.0,0.0,0.0,0.0,0.0,0.0,0.0,0.0,0.0,0.0,0.0,0.0,0.0,0.0,0.0,0.0,0.0,0.0,0.0,0.0,0.0
271,3102021.0,2019-11-14,38,4.0,3.0,0.0,0.0,0.0,138,1408.0,24.0,7.0,0.0,0.0,0.0,0.0,0.0,0.0,0.0,0.0,0.0,0.0,0.0,0.0,0.0,0.0,0.0,0.0,0.0,0.0,0.0,0.0
272,3102021.0,2019-11-18,26,0.0,3.0,0.0,0.0,0.0,184,63.0,85.0,4.0,0.0,0.0,0.0,0.0,0.0,0.0,0.0,0.0,0.0,0.0,0.0,0.0,0.0,0.0,0.0,0.0,0.0,0.0,0.0,0.0
273,3102021.0,2019-11-19,30,0.0,4.0,0.0,0.0,0.0,956,17.0,0.0,1.0,0.0,0.0,0.0,0.0,0.0,0.0,0.0,0.0,0.0,0.0,0.0,0.0,0.0,0.0,0.0,0.0,0.0,0.0,0.0,0.0
274,3102021.0,2019-11-22,25,0.0,4.4,0.0,0.0,0.0,291,3.0,316.0,152.0,0.0,0.0,0.0,0.0,0.0,0.0,0.0,0.0,0.0,0.0,0.0,0.0,0.0,0.0,0.0,0.0,0.0,0.0,0.0,0.0
275,31044.0,2019-10-07,401,36.0,39.95,0.0,2.0,0.0,1819,177.0,171.0,179.0,0.0,0.0,0.0,0.0,1.0,0.0,0.0,0.0,0.0,0.0,0.0,0.0,2.0,0.0,0.0,0.0,1.0,0.0,0.0,0.0
276,31044.0,2019-10-08,588,42.0,45.3,0.0,2.0,0.0,6980,1255.0,1313.0,227.0,0.0,0.0,0.0,0.0,4.0,0.0,0.0,0.0,0.0,0.0,0.0,0.0,0.0,0.0,0.0,0.0,2.0,0.0,0.0,0.0
277,31044.0,2019-10-09,504,48.0,39.4,3.7,0.0,0.0,1810,569.0,300.0,90.0,0.0,0.0,0.0,0.0,2.0,0.0,0.0,0.0,0.0,0.0,0.0,0.0,0.0,0.0,0.0,0.0,1.0,1.0,0.0,0.0
278,31044.0,2019-10-10,678,57.0,59.25,0.0,1.7,1.7,3856,708.0,786.0,791.0,0.0,0.0,0.0,0.0,3.0,0.0,0.0,1.0,0.0,0.0,0.0,0.0,0.0,0.0,0.0,0.0,0.0,0.0,0.0,0.0
279,31044.0,2019-10-11,580,45.0,28.1,1.7,0.0,1.9,3367,478.0,287.0,442.0,0.0,0.0,0.0,0.0,0.0,0.0,0.0,0.0,0.0,0.0,0.0,0.0,0.0,0.0,0.0,0.0,1.0,0.0,0.0,0.0
280,31044.0,2019-10-12,531,63.0,40.65,3.0,1.9,0.0,3216,606.0,266.0,190.0,0.0,0.0,0.0,0.0,0.0,0.0,0.0,0.0,0.0,0.0,0.0,0.0,0.0,0.0,0.0,0.0,1.0,0.0,0.0,0.0
281,31044.0,2019-10-13,825,39.0,69.95,9.01,1.9,4.25,4826,1940.0,546.0,602.0,0.0,0.0,0.0,0.0,2.0,0.0,0.0,0.0,0.0,0.0,0.0,0.0,1.0,0.0,0.0,0.0,5.0,1.0,0.0,0.0
282,31044.0,2019-10-14,908,57.0,65.0,0.0,0.0,0.0,5978,1291.0,2196.0,1293.0,0.0,0.0,0.0,0.0,3.0,0.0,0.0,0.0,0.0,0.0,0.0,0.0,0.0,0.0,0.0,0.0,5.0,0.0,0.0,0.0
283,31044.0,2019-10-15,782,60.0,38.2,5.2,0.0,0.0,4260,1491.0,348.0,449.0,0.0,0.0,0.0,0.0,1.0,1.0,0.0,0.0,0.0,0.0,0.0,0.0,0.0,0.0,0.0,0.0,1.0,0.0,0.0,0.0
284,31044.0,2019-10-16,407,15.0,21.5,0.0,0.0,0.0,2305,464.0,126.0,13.0,0.0,0.0,0.0,0.0,2.0,0.0,0.0,0.0,0.0,0.0,0.0,0.0,0.0,0.0,0.0,0.0,2.0,0.0,0.0,0.0
285,31044.0,2019-10-17,37,6.0,8.5,0.0,0.0,0.0,120,39.0,1.0,3.0,0.0,0.0,0.0,0.0,0.0,0.0,0.0,0.0,0.0,0.0,0.0,0.0,0.0,0.0,0.0,0.0,0.0,0.0,0.0,0.0
286,31044.0,2019-10-18,306,24.0,45.15,3.9,7.15,0.0,4215,2525.0,1383.0,514.0,0.0,0.0,0.0,0.0,0.0,0.0,0.0,0.0,0.0,0.0,0.0,0.0,0.0,0.0,0.0,0.0,0.0,0.0,0.0,0.0
287,31044.0,2019-10-19,725,57.0,81.5,7.7,6.6,0.0,8516,1663.0,834.0,273.0,0.0,0.0,0.0,0.0,1.0,0.0,0.0,0.0,0.0,0.0,0.0,0.0,0.0,0.0,0.0,0.0,2.0,0.0,1.0,0.0
288,31044.0,2019-10-20,731,57.0,110.1,22.0,0.0,1.7,39352,3089.0,2357.0,4381.0,0.0,0.0,0.0,0.0,5.0,1.0,0.0,0.0,0.0,0.0,0.0,0.0,2.0,1.0,0.0,0.0,2.0,0.0,0.0,0.0
289,31044.0,2019-10-21,639,60.0,114.9,0.0,0.0,0.0,17989,6691.0,2779.0,1734.0,0.0,0.0,0.0,0.0,2.0,0.0,0.0,0.0,0.0,0.0,0.0,0.0,1.0,0.0,0.0,0.0,4.0,0.0,0.0,0.0
290,31044.0,2019-10-22,76,6.0,13.7,0.0,0.0,0.0,371,50.0,12.0,8.0,0.0,0.0,0.0,0.0,0.0,0.0,0.0,0.0,0.0,0.0,0.0,0.0,0.0,0.0,0.0,0.0,1.0,0.0,0.0,0.0
291,31044.0,2019-10-23,124,15.0,9.7,0.0,0.0,0.0,960,6.0,130.0,10.0,0.0,0.0,0.0,0.0,0.0,0.0,0.0,0.0,0.0,0.0,0.0,0.0,0.0,0.0,0.0,0.0,1.0,0.0,0.0,0.0
292,31044.0,2019-10-24,80,6.0,13.3,0.0,0.0,6.0,472,199.0,130.0,262.0,0.0,0.0,0.0,0.0,0.0,0.0,0.0,0.0,0.0,0.0,0.0,0.0,0.0,0.0,0.0,0.0,1.0,0.0,0.0,0.0
293,31044.0,2019-10-25,123,12.0,7.0,0.0,6.0,0.0,407,17.0,5.0,1.0,0.0,0.0,0.0,0.0,1.0,0.0,0.0,0.0,0.0,0.0,0.0,0.0,0.0,0.0,0.0,0.0,1.0,0.0,0.0,0.0
294,31044.0,2019-10-26,190,15.0,9.7,0.0,0.0,3.0,1804,12.0,2.0,8.0,0.0,0.0,0.0,0.0,0.0,0.0,0.0,0.0,0.0,0.0,0.0,0.0,0.0,0.0,0.0,0.0,0.0,0.0,0.0,0.0
295,31044.0,2019-10-27,129,12.0,11.25,0.0,0.0,0.0,1659,108.0,28.0,73.0,0.0,0.0,0.0,0.0,0.0,0.0,0.0,0.0,0.0,0.0,0.0,0.0,0.0,0.0,0.0,0.0,0.0,0.0,0.0,0.0
296,31044.0,2019-10-28,76,9.0,3.5,0.0,0.0,0.0,217,16.0,17.0,10.0,0.0,0.0,0.0,0.0,0.0,0.0,0.0,0.0,0.0,0.0,0.0,0.0,0.0,0.0,0.0,0.0,0.0,0.0,0.0,0.0
297,31044.0,2019-10-29,95,9.0,6.1,0.0,0.0,0.0,471,5.0,217.0,229.0,0.0,0.0,0.0,0.0,0.0,0.0,0.0,0.0,0.0,0.0,0.0,0.0,0.0,0.0,0.0,0.0,0.0,0.0,0.0,0.0
298,31044.0,2019-10-31,302,21.0,12.85,0.0,0.0,0.0,1718,206.0,101.0,143.0,0.0,0.0,0.0,0.0,1.0,0.0,0.0,0.0,0.0,0.0,0.0,0.0,0.0,0.0,0.0,0.0,0.0,0.0,0.0,0.0
299,31044.0,2019-11-01,201,9.0,15.0,0.0,0.0,0.0,829,63.0,31.0,40.0,0.0,0.0,0.0,0.0,0.0,0.0,0.0,0.0,0.0,0.0,0.0,0.0,0.0,0.0,0.0,0.0,0.0,0.0,0.0,0.0
300,31044.0,2019-11-02,244,21.0,14.75,0.0,0.0,0.0,4290,535.0,238.0,216.0,0.0,0.0,0.0,0.0,0.0,0.0,0.0,0.0,0.0,0.0,0.0,0.0,0.0,0.0,0.0,0.0,1.0,0.0,0.0,0.0
301,31044.0,2019-11-03,142,21.0,11.8,0.0,0.0,0.0,663,311.0,319.0,4.0,0.0,0.0,0.0,0.0,0.0,0.0,0.0,0.0,0.0,0.0,0.0,0.0,0.0,0.0,0.0,0.0,0.0,0.0,0.0,0.0
302,31044.0,2019-11-04,127,6.0,18.15,0.0,0.0,0.0,1772,2178.0,750.0,1200.0,0.0,0.0,0.0,0.0,0.0,0.0,0.0,0.0,0.0,0.0,0.0,0.0,0.0,0.0,0.0,0.0,0.0,0.0,0.0,0.0
303,31044.0,2019-11-05,108,9.0,13.5,1.7,0.0,4.4,804,470.0,1116.0,2402.0,0.0,0.0,0.0,0.0,1.0,0.0,0.0,1.0,0.0,0.0,0.0,0.0,0.0,0.0,0.0,0.0,0.0,0.0,0.0,0.0
304,31044.0,2019-11-06,884,21.0,17.25,0.0,0.0,0.0,4883,4126.0,3715.0,3221.0,0.0,0.0,0.0,0.0,0.0,0.0,0.0,0.0,0.0,0.0,0.0,0.0,2.0,0.0,0.0,0.0,1.0,0.0,0.0,0.0
305,31044.0,2019-11-07,123,3.0,10.25,0.0,0.0,0.0,2423,24.0,8.0,714.0,0.0,0.0,0.0,0.0,0.0,0.0,0.0,0.0,0.0,0.0,0.0,0.0,0.0,0.0,0.0,0.0,0.0,0.0,0.0,0.0
306,31044.0,2019-11-08,190,18.0,9.0,0.0,0.0,0.0,2031,12.0,0.0,69.0,0.0,0.0,0.0,0.0,0.0,0.0,0.0,0.0,0.0,0.0,0.0,0.0,0.0,0.0,0.0,0.0,1.0,0.0,0.0,0.0
307,31044.0,2019-11-09,121,12.0,18.2,0.0,0.0,0.0,973,138.0,0.0,190.0,0.0,0.0,0.0,0.0,0.0,0.0,0.0,0.0,0.0,0.0,0.0,0.0,0.0,0.0,0.0,0.0,0.0,0.0,0.0,0.0
308,31044.0,2019-11-10,130,12.0,8.0,0.0,0.0,0.0,386,92.0,14.0,9.0,0.0,0.0,0.0,0.0,0.0,0.0,0.0,0.0,0.0,0.0,0.0,0.0,0.0,0.0,0.0,0.0,0.0,0.0,0.0,0.0
309,31044.0,2019-11-11,122,12.0,11.0,0.0,0.0,0.0,394,56.0,10.0,40.0,0.0,0.0,0.0,0.0,0.0,0.0,0.0,0.0,0.0,0.0,0.0,0.0,0.0,0.0,0.0,0.0,0.0,0.0,0.0,0.0
310,31044.0,2019-11-12,116,12.0,4.0,4.0,0.0,0.0,417,56.0,68.0,188.0,0.0,0.0,0.0,0.0,0.0,0.0,0.0,0.0,0.0,0.0,0.0,0.0,0.0,0.0,0.0,0.0,0.0,0.0,0.0,0.0
311,31044.0,2019-11-13,115,6.0,12.0,0.0,0.0,0.0,696,17.0,27.0,33.0,0.0,0.0,0.0,0.0,1.0,0.0,0.0,0.0,0.0,0.0,0.0,0.0,0.0,0.0,0.0,0.0,0.0,0.0,0.0,0.0
312,31044.0,2019-11-14,178,12.0,6.0,0.0,0.0,0.0,700,131.0,26.0,13.0,0.0,0.0,0.0,0.0,0.0,0.0,0.0,0.0,0.0,0.0,0.0,0.0,0.0,0.0,0.0,0.0,0.0,0.0,0.0,0.0
313,31044.0,2019-11-15,179,9.0,4.7,0.0,0.0,0.0,5421,76.0,407.0,733.0,0.0,0.0,0.0,0.0,0.0,0.0,0.0,0.0,0.0,0.0,0.0,0.0,0.0,0.0,0.0,0.0,0.0,0.0,0.0,0.0
314,31044.0,2019-11-16,138,9.0,2.0,0.0,0.0,0.0,639,13.0,13.0,9.0,0.0,0.0,0.0,0.0,0.0,0.0,0.0,0.0,0.0,0.0,0.0,0.0,0.0,0.0,0.0,0.0,1.0,0.0,0.0,0.0
315,31044.0,2019-11-17,138,12.0,2.0,0.0,0.0,0.0,587,29.0,16.0,3.0,0.0,0.0,0.0,0.0,0.0,0.0,0.0,0.0,0.0,0.0,0.0,0.0,0.0,0.0,0.0,0.0,0.0,0.0,0.0,0.0
316,31044.0,2019-11-18,127,3.0,4.0,0.0,0.0,0.0,509,41.0,40.0,6.0,0.0,0.0,0.0,0.0,1.0,0.0,0.0,0.0,0.0,0.0,0.0,0.0,0.0,0.0,0.0,0.0,0.0,0.0,0.0,0.0
317,31351.0,2019-11-17,5,0.0,3.9,0.0,0.0,0.0,28,0.0,0.0,30.0,0.0,0.0,0.0,0.0,0.0,0.0,0.0,0.0,0.0,0.0,0.0,0.0,0.0,0.0,0.0,0.0,0.0,0.0,0.0,0.0
318,32059.0,2019-10-24,151,6.0,3.6,0.0,1.7,4.0,1125,492.0,169.0,501.0,0.0,0.0,0.0,0.0,0.0,0.0,0.0,0.0,0.0,0.0,0.0,0.0,0.0,0.0,0.0,0.0,0.0,0.0,0.0,0.0
319,32059.0,2019-11-22,147,0.0,2.0,3.0,0.0,0.0,916,71.0,0.0,311.0,0.0,0.0,0.0,0.0,0.0,0.0,0.0,0.0,0.0,0.0,0.0,0.0,0.0,0.0,0.0,0.0,0.0,0.0,0.0,0.0
320,32059.0,2019-11-24,133,6.0,10.25,0.0,0.0,0.0,772,11.0,26.0,7.0,0.0,0.0,0.0,0.0,0.0,0.0,0.0,0.0,0.0,0.0,0.0,0.0,0.0,0.0,0.0,0.0,1.0,0.0,0.0,0.0
321,32239.0,2019-11-21,51,0.0,10.7,0.0,0.0,0.0,142,28.0,17.0,14.0,0.0,0.0,0.0,0.0,0.0,0.0,0.0,0.0,0.0,0.0,0.0,0.0,0.0,0.0,0.0,0.0,0.0,0.0,0.0,0.0
322,32616.0,2019-10-13,155,30.0,21.6,0.0,3.0,0.0,2801,1452.0,173.0,223.0,0.0,0.0,0.0,0.0,0.0,0.0,0.0,0.0,0.0,0.0,0.0,0.0,0.0,0.0,0.0,0.0,1.0,0.0,1.0,0.0
323,32616.0,2019-10-14,139,30.0,22.1,0.0,3.0,0.0,4199,256.0,127.0,73.0,0.0,0.0,0.0,0.0,1.0,0.0,0.0,0.0,0.0,0.0,0.0,0.0,2.0,0.0,0.0,0.0,1.0,0.0,0.0,0.0
324,32616.0,2019-10-16,97,6.0,10.7,0.0,0.0,0.0,634,178.0,114.0,190.0,0.0,0.0,0.0,0.0,0.0,0.0,0.0,0.0,0.0,0.0,0.0,0.0,0.0,0.0,0.0,0.0,1.0,0.0,0.0,0.0
325,32616.0,2019-10-26,143,18.0,23.7,0.0,0.0,0.0,3799,160.0,162.0,167.0,0.0,0.0,0.0,0.0,1.0,0.0,0.0,0.0,0.0,0.0,0.0,0.0,0.0,0.0,0.0,0.0,0.0,0.0,0.0,0.0
326,32616.0,2019-10-27,193,27.0,26.55,8.0,0.0,0.0,2798,478.0,99.0,143.0,0.0,0.0,0.0,0.0,1.0,0.0,0.0,0.0,0.0,0.0,0.0,0.0,0.0,0.0,0.0,0.0,0.0,0.0,0.0,0.0
327,32616.0,2019-10-28,67,12.0,9.15,0.0,0.0,4.25,2549,21.0,197.0,468.0,0.0,0.0,0.0,0.0,0.0,0.0,0.0,0.0,0.0,0.0,0.0,0.0,1.0,0.0,0.0,0.0,0.0,0.0,0.0,0.0
328,32616.0,2019-11-04,60,6.0,1.9,0.0,0.0,0.0,763,37.0,12.0,36.0,0.0,0.0,0.0,0.0,0.0,0.0,0.0,0.0,0.0,0.0,0.0,0.0,0.0,0.0,0.0,0.0,0.0,0.0,0.0,0.0
329,32616.0,2019-11-05,115,12.0,4.7,0.0,0.0,0.0,1420,253.0,188.0,161.0,0.0,0.0,0.0,0.0,0.0,0.0,0.0,0.0,0.0,0.0,0.0,0.0,0.0,0.0,0.0,0.0,0.0,0.0,0.0,0.0
330,33055.0,2019-11-11,38,0.0,5.0,0.0,0.0,0.0,325,20.0,68.0,17.0,0.0,0.0,0.0,0.0,0.0,0.0,0.0,0.0,0.0,0.0,0.0,0.0,1.0,0.0,0.0,0.0,0.0,0.0,0.0,0.0
331,33055.0,2019-11-16,33,3.0,1.9,0.0,0.0,0.0,237,36.0,0.0,36.0,0.0,0.0,0.0,0.0,1.0,0.0,0.0,0.0,0.0,0.0,0.0,0.0,0.0,0.0,0.0,0.0,0.0,0.0,0.0,0.0
332,33208.0,2019-11-20,49,6.0,3.9,0.0,0.0,0.0,783,150.0,45.0,4.0,0.0,0.0,0.0,0.0,0.0,0.0,0.0,0.0,0.0,0.0,0.0,0.0,0.0,0.0,0.0,0.0,0.0,0.0,0.0,0.0
333,33208.0,2019-11-21,46,6.0,5.0,0.0,2.0,0.0,526,49.0,131.0,72.0,0.0,0.0,0.0,0.0,0.0,0.0,0.0,0.0,0.0,0.0,0.0,0.0,0.0,0.0,0.0,0.0,0.0,0.0,0.0,0.0
334,33208.0,2019-11-22,33,3.0,10.7,0.0,0.0,0.0,673,107.0,69.0,136.0,0.0,0.0,0.0,0.0,0.0,0.0,0.0,0.0,0.0,0.0,0.0,0.0,0.0,0.0,0.0,0.0,0.0,0.0,0.0,0.0
335,33208.0,2019-11-27,23,3.0,1.7,0.0,0.0,0.0,1444,255.0,9.0,6.0,0.0,0.0,0.0,0.0,1.0,0.0,0.0,0.0,0.0,0.0,0.0,0.0,0.0,0.0,0.0,0.0,0.0,0.0,0.0,0.0
336,33208.0,2019-11-28,80,12.0,14.3,0.0,4.25,0.0,506,32.0,78.0,68.0,0.0,0.0,0.0,0.0,0.0,0.0,0.0,0.0,0.0,0.0,0.0,0.0,2.0,0.0,0.0,0.0,0.0,0.0,0.0,0.0
337,33208.0,2019-11-29,81,9.0,6.7,6.25,0.0,0.0,19661,540.0,59.0,7.0,0.0,0.0,0.0,0.0,1.0,0.0,0.0,0.0,0.0,0.0,0.0,0.0,0.0,0.0,0.0,0.0,0.0,0.0,0.0,0.0
338,33208.0,2019-11-30,63,6.0,13.15,0.0,0.0,0.0,513,141.0,63.0,117.0,0.0,0.0,0.0,0.0,1.0,0.0,0.0,0.0,0.0,0.0,0.0,0.0,1.0,0.0,0.0,0.0,0.0,0.0,0.0,0.0
339,33208.0,2019-12-01,86,9.0,7.6,0.0,0.0,0.0,1128,96.0,65.0,57.0,0.0,0.0,0.0,0.0,0.0,0.0,0.0,0.0,0.0,0.0,0.0,0.0,0.0,0.0,0.0,0.0,0.0,0.0,0.0,0.0
340,4187.0,2019-11-25,63,9.0,15.15,0.0,0.0,0.0,296,73.0,114.0,751.0,0.0,0.0,0.0,0.0,1.0,0.0,0.0,0.0,0.0,0.0,0.0,0.0,0.0,0.0,0.0,0.0,0.0,0.0,0.0,0.0
341,0.0,2019-11-17,21,0.0,6.25,0.0,0.0,0.0,1100,276.0,6.0,0.0,0.0,0.0,0.0,0.0,0.0,0.0,0.0,0.0,0.0,0.0,0.0,0.0,0.0,0.0,0.0,0.0,0.0,0.0,0.0,0.0
342,1174.0,2019-10-18,20,6.0,17.85,0.0,0.0,0.0,673,350.0,230.0,0.0,0.0,0.0,0.0,0.0,0.0,0.0,0.0,0.0,0.0,0.0,0.0,0.0,0.0,0.0,0.0,0.0,0.0,0.0,0.0,0.0
343,1174.0,2019-10-23,34,20.0,9.2,0.0,0.0,0.0,264,123.0,32.0,0.0,0.0,0.0,0.0,0.0,0.0,0.0,0.0,0.0,0.0,0.0,0.0,0.0,0.0,0.0,0.0,0.0,0.0,0.0,0.0,0.0
344,1174.0,2019-10-29,23,8.0,18.8,0.0,2.0,0.0,510,27.0,54.0,0.0,0.0,0.0,0.0,0.0,1.0,0.0,0.0,0.0,0.0,0.0,0.0,0.0,0.0,0.0,0.0,0.0,1.0,0.0,0.0,0.0
345,1174.0,2019-12-02,240,11.0,16.15,4.0,0.0,0.0,6453,1074.0,1051.0,0.0,0.0,0.0,0.0,0.0,1.0,0.0,0.0,0.0,0.0,0.0,0.0,0.0,0.0,0.0,0.0,0.0,0.0,0.0,0.0,0.0
346,1174.0,2019-12-03,284,9.0,32.95,0.0,0.0,0.0,2951,76.0,3.0,0.0,0.0,0.0,0.0,0.0,0.0,0.0,0.0,0.0,0.0,0.0,0.0,0.0,0.0,0.0,0.0,0.0,1.0,0.0,0.0,0.0
347,12915.0,2019-11-06,4,0.0,7.75,0.0,0.0,0.0,35,0.0,2.0,0.0,0.0,0.0,0.0,0.0,0.0,0.0,0.0,0.0,0.0,0.0,0.0,0.0,0.0,0.0,0.0,0.0,0.0,0.0,0.0,0.0
348,13125.0,2019-10-21,7,2.0,4.25,0.0,0.0,0.0,163,0.0,100.0,0.0,0.0,0.0,0.0,0.0,0.0,0.0,0.0,0.0,0.0,0.0,0.0,0.0,0.0,0.0,0.0,0.0,1.0,0.0,0.0,0.0
349,13125.0,2019-12-03,1838,315.0,258.7,3.0,0.0,0.0,24493,10662.0,135.0,0.0,0.0,0.0,0.0,0.0,6.0,0.0,0.0,0.0,0.0,0.0,0.0,0.0,1.0,0.0,0.0,0.0,11.0,0.0,0.0,0.0
350,16675.0,2019-11-04,8,0.0,6.25,0.0,0.0,0.0,9967,352.0,968.0,0.0,0.0,0.0,0.0,0.0,0.0,0.0,0.0,0.0,0.0,0.0,0.0,0.0,0.0,0.0,0.0,0.0,0.0,0.0,0.0,0.0
351,16675.0,2019-11-06,15,0.0,3.0,0.0,0.0,0.0,56,0.0,1.0,0.0,0.0,0.0,0.0,0.0,0.0,0.0,0.0,0.0,0.0,0.0,0.0,0.0,0.0,0.0,0.0,0.0,0.0,0.0,0.0,0.0
352,16675.0,2019-11-16,67,17.5,31.45,0.0,0.0,0.0,259,2.0,4.0,0.0,0.0,0.0,0.0,0.0,1.0,0.0,0.0,0.0,0.0,0.0,0.0,0.0,0.0,0.0,0.0,0.0,1.0,0.0,0.0,0.0
353,16675.0,2019-11-18,40,7.0,4.0,0.0,0.0,0.0,367,34.0,16.0,0.0,0.0,0.0,0.0,0.0,0.0,0.0,0.0,0.0,0.0,0.0,0.0,0.0,0.0,0.0,0.0,0.0,0.0,0.0,0.0,0.0
354,16675.0,2019-11-25,5,0.0,5.15,0.0,0.0,0.0,2709,30.0,10.0,0.0,0.0,0.0,0.0,0.0,0.0,0.0,0.0,0.0,0.0,0.0,0.0,0.0,0.0,0.0,0.0,0.0,0.0,0.0,0.0,0.0
355,16675.0,2019-11-28,4,0.0,4.25,0.0,0.0,0.0,59,0.0,4.0,0.0,0.0,0.0,0.0,0.0,0.0,0.0,0.0,0.0,0.0,0.0,0.0,0.0,0.0,0.0,0.0,0.0,0.0,0.0,0.0,0.0
356,17217.0,2019-11-25,83,9.0,3.7,0.0,0.0,0.0,280,29.0,5.0,0.0,0.0,0.0,0.0,0.0,0.0,0.0,0.0,0.0,0.0,0.0,0.0,0.0,0.0,0.0,0.0,0.0,0.0,0.0,0.0,0.0
357,17217.0,2019-12-02,118,9.0,16.6,0.0,0.0,0.0,439,73.0,32.0,0.0,0.0,0.0,0.0,0.0,0.0,0.0,0.0,0.0,0.0,0.0,0.0,0.0,0.0,0.0,0.0,0.0,0.0,0.0,0.0,0.0
358,17949.0,2019-11-16,14,0.0,0.0,0.0,0.0,0.0,384,1.0,2.0,0.0,0.0,0.0,0.0,0.0,0.0,0.0,0.0,0.0,0.0,0.0,0.0,0.0,0.0,0.0,0.0,0.0,0.0,0.0,0.0,0.0
359,18001.0,2019-10-24,300,9.0,5.0,0.0,5.0,0.0,1145,0.0,36.0,0.0,0.0,0.0,0.0,0.0,0.0,0.0,0.0,0.0,0.0,0.0,0.0,0.0,0.0,0.0,0.0,0.0,0.0,0.0,0.0,0.0
360,18001.0,2019-11-09,217,9.0,14.0,0.0,0.0,0.0,1153,34.0,170.0,0.0,0.0,0.0,0.0,0.0,0.0,0.0,0.0,0.0,0.0,0.0,0.0,0.0,1.0,0.0,0.0,0.0,1.0,0.0,0.0,0.0
361,18001.0,2019-11-12,209,12.0,7.0,0.0,0.0,0.0,743,69.0,21.0,0.0,0.0,0.0,0.0,0.0,0.0,0.0,0.0,0.0,0.0,0.0,0.0,0.0,0.0,0.0,0.0,0.0,2.0,0.0,0.0,0.0
362,18001.0,2019-11-20,367,18.0,15.15,0.0,0.0,0.0,1977,103.0,24.0,0.0,0.0,0.0,0.0,0.0,1.0,0.0,0.0,0.0,0.0,0.0,0.0,0.0,0.0,0.0,0.0,0.0,2.0,0.0,0.0,0.0
363,18001.0,2019-12-02,475,15.0,28.75,0.0,0.0,0.0,2530,120.0,34.0,0.0,0.0,0.0,0.0,0.0,2.0,0.0,0.0,0.0,0.0,0.0,0.0,0.0,0.0,0.0,0.0,0.0,3.0,0.0,0.0,0.0
364,23342.0,2019-10-22,46,3.0,1.7,0.0,0.0,0.0,257,18.0,18.0,0.0,0.0,0.0,0.0,0.0,0.0,0.0,0.0,0.0,0.0,0.0,0.0,0.0,0.0,0.0,0.0,0.0,0.0,0.0,0.0,0.0
365,24941.0,2019-10-19,53,6.0,8.5,0.0,0.0,0.0,257,2.0,14.0,0.0,0.0,0.0,0.0,0.0,0.0,0.0,0.0,0.0,0.0,0.0,0.0,0.0,0.0,0.0,0.0,0.0,1.0,0.0,0.0,0.0
366,25445.0,2019-11-03,35,0.0,2.5,0.0,0.0,0.0,59,0.0,2.0,0.0,0.0,0.0,0.0,0.0,0.0,0.0,0.0,0.0,0.0,0.0,0.0,0.0,0.0,0.0,0.0,0.0,0.0,0.0,0.0,0.0
367,26806.0,2019-09-25,7,2.0,3.5,0.0,0.0,0.0,101,6.0,182.0,0.0,0.0,0.0,0.0,0.0,0.0,0.0,0.0,0.0,0.0,0.0,0.0,0.0,0.0,0.0,0.0,0.0,0.0,0.0,0.0,0.0
368,26806.0,2019-10-02,13,4.0,5.2,1.6,0.0,0.0,162,2.0,8.0,0.0,0.0,0.0,0.0,0.0,0.0,0.0,0.0,0.0,0.0,0.0,0.0,0.0,0.0,0.0,0.0,0.0,0.0,0.0,0.0,0.0
369,26806.0,2019-10-12,12,4.0,1.6,0.0,0.0,0.0,331,0.0,24.0,0.0,0.0,0.0,0.0,0.0,0.0,0.0,0.0,0.0,0.0,0.0,0.0,0.0,0.0,0.0,0.0,0.0,0.0,0.0,0.0,0.0
370,26806.0,2019-10-17,8,0.0,5.0,0.0,0.0,0.0,132,0.0,21.0,0.0,0.0,0.0,0.0,0.0,0.0,0.0,0.0,0.0,0.0,0.0,0.0,0.0,1.0,0.0,0.0,0.0,0.0,0.0,0.0,0.0
371,26806.0,2019-10-19,16,0.0,10.9,0.0,0.0,0.0,418,0.0,3.0,0.0,0.0,0.0,0.0,0.0,0.0,0.0,0.0,0.0,0.0,0.0,0.0,0.0,0.0,0.0,0.0,0.0,0.0,0.0,0.0,0.0
372,26806.0,2019-10-23,21,14.0,10.4,0.0,1.7,0.0,442,41.0,63.0,0.0,0.0,0.0,0.0,0.0,1.0,0.0,0.0,0.0,0.0,0.0,0.0,0.0,0.0,0.0,0.0,0.0,0.0,0.0,0.0,0.0
373,26806.0,2019-10-29,12,4.0,7.8,0.0,0.0,0.0,345,40.0,12.0,0.0,0.0,0.0,0.0,0.0,1.0,0.0,0.0,0.0,0.0,0.0,0.0,0.0,0.0,0.0,0.0,0.0,2.0,0.0,0.0,0.0
374,26806.0,2019-11-01,9,6.0,7.0,0.0,0.0,0.0,211,0.0,52.0,0.0,0.0,0.0,0.0,0.0,0.0,0.0,0.0,0.0,0.0,0.0,0.0,0.0,0.0,0.0,0.0,0.0,0.0,0.0,0.0,0.0
375,28942.0,2019-12-02,166,6.0,12.75,0.0,0.0,0.0,480,40.0,90.0,0.0,0.0,0.0,0.0,0.0,1.0,0.0,0.0,0.0,0.0,0.0,0.0,0.0,0.0,0.0,0.0,0.0,0.0,0.0,0.0,0.0
376,29592.0,2019-10-02,5,2.0,2.0,0.0,0.0,0.0,199,0.0,90.0,0.0,0.0,0.0,0.0,0.0,0.0,0.0,0.0,0.0,0.0,0.0,0.0,0.0,0.0,0.0,0.0,0.0,0.0,0.0,0.0,0.0
377,29592.0,2019-11-15,10,0.0,3.0,0.0,0.0,0.0,29,14.0,30.0,0.0,0.0,0.0,0.0,0.0,0.0,0.0,0.0,0.0,0.0,0.0,0.0,0.0,0.0,0.0,0.0,0.0,0.0,0.0,0.0,0.0
378,29790.0,2019-11-05,890,3.0,16.4,0.0,0.0,0.0,15370,233.0,143.0,0.0,0.0,0.0,0.0,0.0,0.0,0.0,0.0,0.0,0.0,0.0,0.0,0.0,0.0,0.0,0.0,0.0,0.0,0.0,0.0,0.0
379,30697.0,2019-11-20,39,6.0,2.0,0.0,0.0,0.0,113,7.0,14.0,0.0,0.0,0.0,0.0,0.0,0.0,0.0,0.0,0.0,0.0,0.0,0.0,0.0,0.0,0.0,0.0,0.0,0.0,0.0,0.0,0.0
380,310.0,2019-09-04,37,0.0,2.0,0.0,0.0,0.0,553,92.0,1.0,0.0,0.0,0.0,0.0,0.0,0.0,0.0,0.0,0.0,0.0,0.0,0.0,0.0,0.0,0.0,0.0,0.0,0.0,0.0,0.0,0.0
381,310.0,2019-09-14,27,0.0,8.5,0.0,0.0,0.0,516,0.0,8.0,0.0,0.0,0.0,0.0,0.0,0.0,0.0,0.0,0.0,0.0,0.0,0.0,0.0,0.0,0.0,0.0,0.0,0.0,0.0,0.0,0.0
382,310.0,2019-09-20,15,0.0,5.5,0.0,0.0,0.0,132,5.0,4.0,0.0,0.0,0.0,0.0,0.0,1.0,0.0,0.0,0.0,0.0,0.0,0.0,0.0,0.0,0.0,0.0,0.0,0.0,0.0,0.0,0.0
383,310.0,2019-10-05,37,0.0,4.25,0.0,0.0,0.0,595,4.0,2.0,0.0,0.0,0.0,0.0,0.0,0.0,0.0,0.0,0.0,0.0,0.0,0.0,0.0,0.0,0.0,0.0,0.0,0.0,0.0,0.0,0.0
384,310.0,2019-10-07,16,0.0,7.75,0.0,0.0,0.0,289,30.0,14.0,0.0,0.0,0.0,0.0,0.0,0.0,0.0,0.0,0.0,0.0,0.0,0.0,0.0,0.0,0.0,0.0,0.0,1.0,0.0,0.0,0.0
385,310.0,2019-10-09,7,0.0,1.6,0.0,0.0,0.0,26,5.0,3.0,0.0,0.0,0.0,0.0,0.0,0.0,0.0,0.0,0.0,0.0,0.0,0.0,0.0,0.0,0.0,0.0,0.0,0.0,0.0,0.0,0.0
386,310.0,2019-10-19,11,0.0,4.0,0.0,0.0,0.0,914,109.0,25.0,0.0,0.0,0.0,0.0,0.0,0.0,0.0,0.0,0.0,0.0,0.0,0.0,0.0,0.0,0.0,0.0,0.0,0.0,0.0,0.0,0.0
387,310.0,2019-11-03,14,0.0,3.0,0.0,0.0,0.0,263,18.0,2.0,0.0,0.0,0.0,0.0,0.0,1.0,0.0,0.0,0.0,0.0,0.0,0.0,0.0,0.0,0.0,0.0,0.0,0.0,0.0,0.0,0.0
388,310.0,2019-11-20,10,0.0,3.5,0.0,0.0,0.0,429,0.0,2.0,0.0,0.0,0.0,0.0,0.0,0.0,0.0,0.0,0.0,0.0,0.0,0.0,0.0,0.0,0.0,0.0,0.0,0.0,0.0,0.0,0.0
389,310.0,2019-11-23,13,0.0,2.0,0.0,0.0,0.0,146,6.0,2.0,0.0,0.0,0.0,0.0,0.0,0.0,0.0,0.0,0.0,0.0,0.0,0.0,0.0,0.0,0.0,0.0,0.0,0.0,0.0,0.0,0.0
390,310.0,2019-12-02,98,0.0,0.05,0.0,0.0,0.0,849,239.0,179.0,0.0,0.0,0.0,0.0,0.0,1.0,0.0,0.0,0.0,0.0,0.0,0.0,0.0,0.0,0.0,0.0,0.0,0.0,0.0,0.0,0.0
391,3102021.0,2019-10-19,11,0.0,1.9,0.0,0.0,0.0,128,7.0,3.0,0.0,0.0,0.0,0.0,0.0,0.0,0.0,0.0,0.0,0.0,0.0,0.0,0.0,0.0,0.0,0.0,0.0,0.0,0.0,0.0,0.0
392,3102021.0,2019-11-25,18,0.0,3.6,0.0,0.0,0.0,342,252.0,10.0,0.0,0.0,0.0,0.0,0.0,0.0,0.0,0.0,0.0,0.0,0.0,0.0,0.0,0.0,0.0,0.0,0.0,1.0,0.0,0.0,0.0
393,31044.0,2019-10-30,99,6.0,3.0,0.0,0.0,0.0,727,2.0,2.0,0.0,0.0,0.0,0.0,0.0,0.0,0.0,0.0,0.0,0.0,0.0,0.0,0.0,0.0,0.0,0.0,0.0,0.0,0.0,0.0,0.0
394,31351.0,2019-11-20,20,3.0,3.0,0.0,0.0,0.0,137,0.0,10.0,0.0,0.0,0.0,0.0,0.0,0.0,0.0,0.0,0.0,0.0,0.0,0.0,0.0,0.0,0.0,0.0,0.0,0.0,0.0,0.0,0.0
395,32059.0,2019-10-23,137,6.0,1.7,0.0,0.0,0.0,382,64.0,37.0,0.0,0.0,0.0,0.0,0.0,0.0,0.0,0.0,0.0,0.0,0.0,0.0,0.0,0.0,0.0,0.0,0.0,0.0,0.0,0.0,0.0
396,32059.0,2019-11-23,152,3.0,8.9,0.0,0.0,0.0,908,11.0,15.0,0.0,0.0,0.0,0.0,0.0,1.0,0.0,0.0,0.0,0.0,0.0,0.0,0.0,0.0,0.0,0.0,0.0,0.0,0.0,0.0,0.0
397,32059.0,2019-11-26,62,0.0,6.4,0.0,0.0,0.0,347,10.0,12.0,0.0,0.0,0.0,0.0,0.0,0.0,0.0,0.0,0.0,0.0,0.0,0.0,0.0,0.0,0.0,0.0,0.0,0.0,0.0,0.0,0.0
398,32059.0,2019-11-27,20,0.0,3.0,0.0,0.0,0.0,85,0.0,9.0,0.0,0.0,0.0,0.0,0.0,0.0,0.0,0.0,0.0,0.0,0.0,0.0,0.0,0.0,0.0,0.0,0.0,0.0,0.0,0.0,0.0
399,32239.0,2019-11-07,13,0.0,3.0,0.0,0.0,0.0,35,0.0,2.0,0.0,0.0,0.0,0.0,0.0,0.0,0.0,0.0,0.0,0.0,0.0,0.0,0.0,0.0,0.0,0.0,0.0,0.0,0.0,0.0,0.0
400,33208.0,2019-12-02,43,3.0,5.95,0.0,0.0,0.0,976,0.0,22.0,0.0,0.0,0.0,0.0,0.0,0.0,0.0,0.0,0.0,0.0,0.0,0.0,0.0,0.0,0.0,0.0,0.0,1.0,0.0,0.0,0.0
401,33208.0,2019-12-03,353,54.0,36.45,0.0,0.0,0.0,3004,1723.0,28.0,0.0,0.0,0.0,0.0,0.0,3.0,0.0,0.0,0.0,0.0,0.0,0.0,0.0,0.0,0.0,0.0,0.0,0.0,0.0,0.0,0.0
402,1174.0,2019-10-09,2,0.0,1.6,0.0,0.0,0.0,8,4.0,0.0,0.0,0.0,0.0,0.0,0.0,0.0,0.0,0.0,0.0,0.0,0.0,0.0,0.0,0.0,0.0,0.0,0.0,0.0,0.0,0.0,0.0
403,1174.0,2019-11-02,15,0.0,2.0,0.0,0.0,0.0,240,8.0,0.0,0.0,0.0,0.0,0.0,0.0,0.0,0.0,0.0,0.0,0.0,0.0,0.0,0.0,0.0,0.0,0.0,0.0,0.0,0.0,0.0,0.0
404,1174.0,2019-11-04,14,4.0,1.9,0.0,0.0,0.0,415,30.0,0.0,0.0,0.0,0.0,0.0,0.0,0.0,0.0,0.0,0.0,0.0,0.0,0.0,0.0,0.0,0.0,0.0,0.0,0.0,0.0,0.0,0.0
405,1174.0,2019-11-05,15,2.0,4.7,0.0,0.0,0.0,158,2.0,0.0,0.0,0.0,0.0,0.0,0.0,0.0,0.0,0.0,0.0,0.0,0.0,0.0,0.0,0.0,0.0,0.0,0.0,0.0,0.0,0.0,0.0
406,1174.0,2019-12-04,322,9.0,25.95,0.0,0.0,0.0,1868,85.0,0.0,0.0,0.0,0.0,0.0,0.0,2.0,0.0,0.0,0.0,0.0,0.0,0.0,0.0,0.0,0.0,0.0,0.0,1.0,0.0,0.0,0.0
407,13125.0,2019-09-26,19,10.0,4.6,0.0,0.0,0.0,141,28.0,0.0,0.0,0.0,0.0,0.0,0.0,0.0,0.0,0.0,0.0,0.0,0.0,0.0,0.0,0.0,0.0,0.0,0.0,1.0,0.0,0.0,0.0
408,13125.0,2019-10-16,3,0.0,4.25,0.0,0.0,0.0,6,1.0,0.0,0.0,0.0,0.0,0.0,0.0,0.0,0.0,0.0,0.0,0.0,0.0,0.0,0.0,0.0,0.0,0.0,0.0,0.0,0.0,0.0,0.0
409,13125.0,2019-12-04,1822,185.5,107.65,0.0,0.0,0.0,19881,479.0,0.0,0.0,0.0,0.0,0.0,0.0,3.0,0.0,0.0,0.0,0.0,0.0,0.0,0.0,2.0,0.0,0.0,0.0,5.0,0.0,0.0,0.0
410,16541.0,2019-10-24,1,0.0,1.7,0.0,0.0,0.0,180,48.0,0.0,0.0,0.0,0.0,0.0,0.0,1.0,0.0,0.0,0.0,0.0,0.0,0.0,0.0,0.0,0.0,0.0,0.0,0.0,0.0,0.0,0.0
411,16675.0,2019-11-15,11,3.5,3.0,0.0,0.0,0.0,45,1.0,0.0,0.0,0.0,0.0,0.0,0.0,0.0,0.0,0.0,0.0,0.0,0.0,0.0,0.0,0.0,0.0,0.0,0.0,0.0,0.0,0.0,0.0
412,16675.0,2019-11-19,17,0.0,8.5,0.0,0.0,0.0,34,16.0,0.0,0.0,0.0,0.0,0.0,0.0,0.0,0.0,0.0,0.0,0.0,0.0,0.0,0.0,0.0,0.0,0.0,0.0,0.0,0.0,0.0,0.0
413,17217.0,2019-12-03,144,15.0,4.25,0.0,0.0,0.0,1335,186.0,0.0,0.0,0.0,0.0,0.0,0.0,0.0,0.0,0.0,0.0,0.0,0.0,0.0,0.0,0.0,0.0,0.0,0.0,0.0,0.0,0.0,0.0
414,18001.0,2019-10-28,524,15.0,13.95,0.0,0.0,0.0,715,44.0,0.0,0.0,0.0,0.0,0.0,0.0,1.0,0.0,0.0,0.0,0.0,0.0,0.0,0.0,0.0,0.0,0.0,0.0,2.0,0.0,0.0,0.0
415,18001.0,2019-12-03,367,15.0,8.15,0.0,0.0,0.0,1333,84.0,0.0,0.0,0.0,0.0,0.0,0.0,1.0,0.0,0.0,0.0,0.0,0.0,0.0,0.0,0.0,0.0,0.0,0.0,0.0,0.0,0.0,0.0
416,24941.0,2019-10-20,46,6.0,13.35,0.0,0.0,0.0,646,12.0,0.0,0.0,0.0,0.0,0.0,0.0,0.0,0.0,0.0,0.0,0.0,0.0,0.0,0.0,0.0,0.0,0.0,0.0,0.0,0.0,0.0,0.0
417,24941.0,2019-12-03,42,6.0,11.65,0.0,0.0,0.0,357,1.0,0.0,0.0,0.0,0.0,0.0,0.0,0.0,0.0,0.0,0.0,0.0,0.0,0.0,0.0,0.0,0.0,0.0,0.0,0.0,0.0,0.0,0.0
418,26806.0,2019-10-03,6,0.0,18.95,0.0,0.0,0.0,3236,1235.0,0.0,0.0,0.0,0.0,0.0,0.0,0.0,0.0,0.0,0.0,0.0,0.0,0.0,0.0,0.0,0.0,0.0,0.0,2.0,0.0,0.0,0.0
419,26806.0,2019-10-04,14,4.0,9.1,0.0,0.0,0.0,189,10.0,0.0,0.0,0.0,0.0,0.0,0.0,0.0,0.0,0.0,0.0,0.0,0.0,0.0,0.0,0.0,0.0,0.0,0.0,0.0,0.0,0.0,0.0
420,26806.0,2019-10-05,12,4.0,3.5,0.0,0.0,0.0,152,5.0,0.0,0.0,0.0,0.0,0.0,0.0,0.0,0.0,0.0,0.0,0.0,0.0,0.0,0.0,0.0,0.0,0.0,0.0,0.0,0.0,0.0,0.0
421,26806.0,2019-10-30,15,6.0,3.0,0.0,0.0,0.0,156,20.0,0.0,0.0,0.0,0.0,0.0,0.0,0.0,0.0,0.0,0.0,0.0,0.0,0.0,0.0,0.0,0.0,0.0,0.0,0.0,0.0,0.0,0.0
422,28430.0,2019-11-17,21,3.0,3.0,0.0,0.0,0.0,163,16.0,0.0,0.0,0.0,0.0,0.0,0.0,0.0,0.0,0.0,0.0,0.0,0.0,0.0,0.0,0.0,0.0,0.0,0.0,0.0,0.0,0.0,0.0
423,28942.0,2019-11-07,10,0.0,7.0,0.0,0.0,0.0,103,28.0,0.0,0.0,0.0,0.0,0.0,0.0,0.0,0.0,0.0,0.0,0.0,0.0,0.0,0.0,0.0,0.0,0.0,0.0,0.0,0.0,0.0,0.0
424,28942.0,2019-11-09,15,3.0,7.25,0.0,0.0,0.0,478,32.0,0.0,0.0,0.0,0.0,0.0,0.0,0.0,0.0,0.0,0.0,0.0,0.0,0.0,0.0,0.0,0.0,0.0,0.0,0.0,0.0,0.0,0.0
425,28942.0,2019-12-03,167,0.0,8.5,0.0,0.0,0.0,336,5.0,0.0,0.0,0.0,0.0,0.0,0.0,0.0,0.0,0.0,0.0,0.0,0.0,0.0,0.0,0.0,0.0,0.0,0.0,0.0,0.0,0.0,0.0
426,28942.0,2019-12-04,157,6.0,4.25,0.0,0.0,0.0,450,64.0,0.0,0.0,0.0,0.0,0.0,0.0,0.0,0.0,0.0,0.0,0.0,0.0,0.0,0.0,0.0,0.0,0.0,0.0,0.0,0.0,0.0,0.0
427,29365.0,2019-11-15,1,0.0,1.9,0.0,0.0,0.0,2,4.0,0.0,0.0,0.0,0.0,0.0,0.0,0.0,0.0,0.0,0.0,0.0,0.0,0.0,0.0,0.0,0.0,0.0,0.0,0.0,0.0,0.0,0.0
428,29592.0,2019-11-05,2,0.0,3.5,0.0,0.0,0.0,12,5.0,0.0,0.0,0.0,0.0,0.0,0.0,0.0,0.0,0.0,0.0,0.0,0.0,0.0,0.0,0.0,0.0,0.0,0.0,0.0,0.0,0.0,0.0
429,29642.0,2019-12-02,32,0.0,1.9,0.0,0.0,0.0,142,9.0,0.0,0.0,0.0,0.0,0.0,0.0,0.0,0.0,0.0,0.0,0.0,0.0,0.0,0.0,0.0,0.0,0.0,0.0,0.0,0.0,0.0,0.0
430,29790.0,2019-11-06,460,3.0,7.25,3.0,0.0,0.0,2693,207.0,0.0,0.0,0.0,0.0,0.0,0.0,0.0,0.0,0.0,0.0,0.0,0.0,0.0,0.0,0.0,0.0,0.0,0.0,0.0,0.0,0.0,0.0
431,310.0,2019-09-10,39,0.0,1.6,0.0,0.0,0.0,808,553.0,0.0,0.0,0.0,0.0,0.0,0.0,0.0,0.0,0.0,0.0,0.0,0.0,0.0,0.0,0.0,0.0,0.0,0.0,0.0,0.0,0.0,0.0
432,310.0,2019-10-03,15,0.0,10.85,0.0,0.0,0.0,311,12.0,0.0,0.0,0.0,0.0,0.0,0.0,1.0,0.0,0.0,0.0,0.0,0.0,0.0,0.0,1.0,0.0,0.0,0.0,0.0,0.0,0.0,0.0
433,310.0,2019-10-27,17,0.0,3.0,0.0,0.0,0.0,258,11.0,0.0,0.0,0.0,0.0,0.0,0.0,0.0,0.0,0.0,0.0,0.0,0.0,0.0,0.0,0.0,0.0,0.0,0.0,0.0,0.0,0.0,0.0
434,310.0,2019-11-21,15,0.0,1.87,0.0,0.0,0.0,211,1.0,0.0,0.0,0.0,0.0,0.0,0.0,1.0,0.0,0.0,0.0,0.0,0.0,0.0,0.0,0.0,0.0,0.0,0.0,0.0,0.0,0.0,0.0
435,310.0,2019-12-03,78,0.0,6.25,0.0,0.0,0.0,900,130.0,0.0,0.0,0.0,0.0,0.0,0.0,0.0,0.0,0.0,0.0,0.0,0.0,0.0,0.0,0.0,0.0,0.0,0.0,0.0,0.0,0.0,0.0
436,3102021.0,2019-09-19,40,0.0,4.6,0.0,0.0,0.0,693,36.0,0.0,0.0,0.0,0.0,0.0,0.0,1.0,0.0,0.0,0.0,0.0,0.0,0.0,0.0,0.0,0.0,0.0,0.0,0.0,0.0,0.0,0.0
437,33055.0,2019-11-12,34,0.0,4.25,0.0,0.0,0.0,106,3.0,0.0,0.0,0.0,0.0,0.0,0.0,0.0,0.0,0.0,0.0,0.0,0.0,0.0,0.0,0.0,0.0,0.0,0.0,0.0,0.0,0.0,0.0
438,33208.0,2019-12-04,425,21.0,24.1,0.0,0.0,0.0,3629,81.0,0.0,0.0,0.0,0.0,0.0,0.0,0.0,0.0,0.0,0.0,0.0,0.0,0.0,0.0,1.0,0.0,0.0,0.0,2.0,0.0,0.0,0.0
439,0.0,2019-10-26,22,0.0,2.0,0.0,0.0,0.0,107,0.0,0.0,0.0,0.0,0.0,0.0,0.0,0.0,0.0,0.0,0.0,0.0,0.0,0.0,0.0,0.0,0.0,0.0,0.0,0.0,0.0,0.0,0.0
440,11460.0,2019-11-20,20,0.0,10.25,0.0,0.0,0.0,67,0.0,0.0,0.0,0.0,0.0,0.0,0.0,0.0,0.0,0.0,0.0,0.0,0.0,0.0,0.0,0.0,0.0,0.0,0.0,1.0,0.0,0.0,0.0
441,1174.0,2019-10-10,2,0.0,2.0,0.0,0.0,0.0,11,0.0,0.0,0.0,0.0,0.0,0.0,0.0,0.0,0.0,0.0,0.0,0.0,0.0,0.0,0.0,0.0,0.0,0.0,0.0,0.0,0.0,0.0,0.0
442,1174.0,2019-11-08,6,0.0,3.0,0.0,0.0,0.0,69,0.0,0.0,0.0,0.0,0.0,0.0,0.0,0.0,0.0,0.0,0.0,0.0,0.0,0.0,0.0,0.0,0.0,0.0,0.0,0.0,0.0,0.0,0.0
443,1174.0,2019-11-09,11,2.0,3.5,0.0,0.0,0.0,125,0.0,0.0,0.0,0.0,0.0,0.0,0.0,0.0,0.0,0.0,0.0,0.0,0.0,0.0,0.0,0.0,0.0,0.0,0.0,0.0,0.0,0.0,0.0
444,12669.0,2019-11-11,1,0.0,1.7,0.0,0.0,0.0,4,0.0,0.0,0.0,0.0,0.0,0.0,0.0,0.0,0.0,0.0,0.0,0.0,0.0,0.0,0.0,0.0,0.0,0.0,0.0,0.0,0.0,0.0,0.0
445,13125.0,2019-10-28,4,0.0,3.5,0.0,0.0,0.0,18,0.0,0.0,0.0,0.0,0.0,0.0,0.0,0.0,0.0,0.0,0.0,0.0,0.0,0.0,0.0,0.0,0.0,0.0,0.0,1.0,0.0,0.0,0.0
446,13125.0,2019-10-29,3,0.0,8.0,0.0,0.0,0.0,23,0.0,0.0,0.0,0.0,0.0,0.0,0.0,0.0,0.0,0.0,0.0,0.0,0.0,0.0,0.0,0.0,0.0,0.0,0.0,1.0,0.0,0.0,0.0
447,13125.0,2019-11-05,8,0.0,2.0,0.0,0.0,0.0,32,0.0,0.0,0.0,0.0,0.0,0.0,0.0,0.0,0.0,0.0,0.0,0.0,0.0,0.0,0.0,0.0,0.0,0.0,0.0,0.0,0.0,0.0,0.0
448,16675.0,2019-10-26,9,3.0,8.0,0.0,0.0,0.0,58,0.0,0.0,0.0,0.0,0.0,0.0,0.0,1.0,0.0,0.0,0.0,0.0,0.0,0.0,0.0,0.0,0.0,0.0,0.0,0.0,0.0,0.0,0.0
449,16675.0,2019-11-01,7,3.5,4.25,0.0,0.0,0.0,14,0.0,0.0,0.0,0.0,0.0,0.0,0.0,1.0,0.0,0.0,0.0,0.0,0.0,0.0,0.0,0.0,0.0,0.0,0.0,0.0,0.0,0.0,0.0
450,16675.0,2019-11-07,7,3.5,4.25,0.0,0.0,0.0,33,0.0,0.0,0.0,0.0,0.0,0.0,0.0,0.0,0.0,0.0,0.0,0.0,0.0,0.0,0.0,0.0,0.0,0.0,0.0,0.0,0.0,0.0,0.0
451,16675.0,2019-11-10,11,3.5,3.0,0.0,0.0,0.0,34,0.0,0.0,0.0,0.0,0.0,0.0,0.0,0.0,0.0,0.0,0.0,0.0,0.0,0.0,0.0,0.0,0.0,0.0,0.0,0.0,0.0,0.0,0.0
452,16675.0,2019-11-17,10,0.0,13.65,0.0,0.0,0.0,57,0.0,0.0,0.0,0.0,0.0,0.0,0.0,1.0,0.0,0.0,0.0,0.0,0.0,0.0,0.0,0.0,0.0,0.0,0.0,0.0,0.0,0.0,0.0
453,16675.0,2019-11-21,14,0.0,7.25,0.0,0.0,0.0,120,0.0,0.0,0.0,0.0,0.0,0.0,0.0,0.0,0.0,0.0,0.0,0.0,0.0,0.0,0.0,0.0,0.0,0.0,0.0,0.0,0.0,0.0,0.0
454,16675.0,2019-12-04,5,0.0,3.0,0.0,0.0,0.0,11,0.0,0.0,0.0,0.0,0.0,0.0,0.0,0.0,0.0,0.0,0.0,0.0,0.0,0.0,0.0,0.0,0.0,0.0,0.0,0.0,0.0,0.0,0.0
455,16701.0,2019-11-08,7,0.0,3.0,0.0,0.0,0.0,10,0.0,0.0,0.0,0.0,0.0,0.0,0.0,0.0,0.0,0.0,0.0,0.0,0.0,0.0,0.0,0.0,0.0,0.0,0.0,0.0,0.0,0.0,0.0
456,17949.0,2019-11-12,8,0.0,4.25,0.0,0.0,0.0,21,0.0,0.0,0.0,0.0,0.0,0.0,0.0,0.0,0.0,0.0,0.0,0.0,0.0,0.0,0.0,0.0,0.0,0.0,0.0,0.0,0.0,0.0,0.0
457,18001.0,2019-10-26,282,15.0,8.4,0.0,0.0,0.0,12517,0.0,0.0,0.0,0.0,0.0,0.0,0.0,0.0,0.0,0.0,0.0,0.0,0.0,0.0,0.0,1.0,0.0,0.0,0.0,0.0,0.0,0.0,0.0
458,18001.0,2019-10-29,427,6.0,5.9,0.0,0.0,0.0,809,0.0,0.0,0.0,0.0,0.0,0.0,0.0,0.0,0.0,0.0,0.0,0.0,0.0,0.0,0.0,0.0,0.0,0.0,0.0,0.0,0.0,0.0,0.0
459,18001.0,2019-12-04,441,9.0,3.0,0.0,0.0,0.0,2130,0.0,0.0,0.0,0.0,0.0,0.0,0.0,0.0,0.0,0.0,0.0,0.0,0.0,0.0,0.0,0.0,0.0,0.0,0.0,0.0,0.0,0.0,0.0
460,19287.0,2019-11-07,11,3.0,6.5,0.0,0.0,0.0,274,0.0,0.0,0.0,0.0,0.0,0.0,0.0,0.0,0.0,0.0,0.0,0.0,0.0,0.0,0.0,0.0,0.0,0.0,0.0,1.0,0.0,0.0,0.0
461,19287.0,2019-11-09,12,0.0,16.65,0.0,0.0,0.0,631,0.0,0.0,0.0,0.0,0.0,0.0,0.0,1.0,0.0,0.0,0.0,0.0,0.0,0.0,0.0,0.0,0.0,0.0,0.0,1.0,0.0,0.0,0.0
462,19287.0,2019-11-10,10,3.0,4.25,0.0,0.0,0.0,12,0.0,0.0,0.0,0.0,0.0,0.0,0.0,0.0,0.0,0.0,0.0,0.0,0.0,0.0,0.0,0.0,0.0,0.0,0.0,0.0,0.0,0.0,0.0
463,19287.0,2019-11-11,7,0.0,2.0,0.0,0.0,0.0,156,0.0,0.0,0.0,0.0,0.0,0.0,0.0,0.0,0.0,0.0,0.0,0.0,0.0,0.0,0.0,0.0,0.0,0.0,0.0,1.0,0.0,0.0,0.0
464,19287.0,2019-11-17,9,0.0,3.5,0.0,0.0,0.0,70,0.0,0.0,0.0,0.0,0.0,0.0,0.0,0.0,0.0,0.0,0.0,0.0,0.0,0.0,0.0,0.0,0.0,0.0,0.0,0.0,0.0,0.0,0.0
465,19287.0,2019-11-18,8,3.0,2.0,0.0,0.0,0.0,118,0.0,0.0,0.0,0.0,0.0,0.0,0.0,0.0,0.0,0.0,0.0,0.0,0.0,0.0,0.0,0.0,0.0,0.0,0.0,0.0,0.0,0.0,0.0
466,19287.0,2019-11-21,3,0.0,2.0,0.0,0.0,0.0,18,0.0,0.0,0.0,0.0,0.0,0.0,0.0,0.0,0.0,0.0,0.0,0.0,0.0,0.0,0.0,0.0,0.0,0.0,0.0,0.0,0.0,0.0,0.0
467,21643.0,2019-11-20,2,0.0,3.0,0.0,0.0,0.0,7,0.0,0.0,0.0,0.0,0.0,0.0,0.0,1.0,0.0,0.0,0.0,0.0,0.0,0.0,0.0,0.0,0.0,0.0,0.0,0.0,0.0,0.0,0.0
468,22974.0,2019-11-06,16,0.0,4.25,0.0,0.0,0.0,40,0.0,0.0,0.0,0.0,0.0,0.0,0.0,1.0,0.0,0.0,0.0,0.0,0.0,0.0,0.0,0.0,0.0,0.0,0.0,0.0,0.0,0.0,0.0
469,22974.0,2019-11-20,32,0.0,2.0,0.0,0.0,0.0,84,0.0,0.0,0.0,0.0,0.0,0.0,0.0,0.0,0.0,0.0,0.0,0.0,0.0,0.0,0.0,0.0,0.0,0.0,0.0,0.0,0.0,0.0,0.0
470,23342.0,2019-10-23,38,3.0,17.0,0.0,0.0,0.0,979,0.0,0.0,0.0,0.0,0.0,0.0,0.0,0.0,0.0,0.0,0.0,0.0,0.0,0.0,0.0,0.0,0.0,0.0,0.0,0.0,0.0,0.0,0.0
471,23657.0,2019-11-17,5,0.0,3.0,0.0,0.0,0.0,7,0.0,0.0,0.0,0.0,0.0,0.0,0.0,0.0,0.0,0.0,0.0,0.0,0.0,0.0,0.0,0.0,0.0,0.0,0.0,0.0,0.0,0.0,0.0
472,25445.0,2019-11-04,8,0.0,3.0,0.0,0.0,0.0,24,0.0,0.0,0.0,0.0,0.0,0.0,0.0,0.0,0.0,0.0,0.0,0.0,0.0,0.0,0.0,0.0,0.0,0.0,0.0,0.0,0.0,0.0,0.0
473,25445.0,2019-11-09,3,0.0,1.7,0.0,0.0,0.0,51,0.0,0.0,0.0,0.0,0.0,0.0,0.0,1.0,0.0,0.0,0.0,0.0,0.0,0.0,0.0,0.0,0.0,0.0,0.0,0.0,0.0,0.0,0.0
474,26806.0,2019-09-30,12,6.0,3.0,0.0,0.0,0.0,465,0.0,0.0,0.0,0.0,0.0,0.0,0.0,0.0,0.0,0.0,0.0,0.0,0.0,0.0,0.0,0.0,0.0,0.0,0.0,0.0,0.0,0.0,0.0
475,26806.0,2019-10-24,12,2.0,7.4,0.0,0.0,0.0,181,0.0,0.0,0.0,0.0,0.0,0.0,0.0,0.0,0.0,0.0,0.0,0.0,0.0,0.0,0.0,0.0,0.0,0.0,0.0,1.0,0.0,0.0,0.0
476,28222.0,2019-11-04,11,0.0,1.7,0.0,0.0,0.0,37,0.0,0.0,0.0,0.0,0.0,0.0,0.0,1.0,0.0,0.0,0.0,0.0,0.0,0.0,0.0,0.0,0.0,0.0,0.0,0.0,0.0,0.0,0.0
477,28572.0,2019-11-10,4,0.0,4.25,0.0,0.0,0.0,4,0.0,0.0,0.0,0.0,0.0,0.0,0.0,0.0,0.0,0.0,0.0,0.0,0.0,0.0,0.0,0.0,0.0,0.0,0.0,0.0,0.0,0.0,0.0
478,28942.0,2019-11-13,13,0.0,10.25,0.0,0.0,0.0,71,0.0,0.0,0.0,0.0,0.0,0.0,0.0,0.0,0.0,0.0,0.0,0.0,0.0,0.0,0.0,0.0,0.0,0.0,0.0,0.0,0.0,0.0,0.0
479,29365.0,2019-11-06,5,0.0,3.0,0.0,0.0,0.0,8,0.0,0.0,0.0,0.0,0.0,0.0,0.0,0.0,0.0,0.0,0.0,0.0,0.0,0.0,0.0,0.0,0.0,0.0,0.0,1.0,0.0,0.0,0.0
480,29365.0,2019-11-11,6,3.0,3.0,0.0,0.0,0.0,15,0.0,0.0,0.0,0.0,0.0,0.0,0.0,0.0,0.0,0.0,0.0,0.0,0.0,0.0,0.0,0.0,0.0,0.0,0.0,0.0,0.0,0.0,0.0
481,29555.0,2019-10-25,1,0.0,3.5,0.0,0.0,0.0,144,0.0,0.0,0.0,0.0,0.0,0.0,0.0,0.0,0.0,0.0,0.0,0.0,0.0,0.0,0.0,0.0,0.0,0.0,0.0,0.0,0.0,0.0,0.0
482,29592.0,2019-09-28,3,0.0,1.6,0.0,0.0,0.0,12,0.0,0.0,0.0,0.0,0.0,0.0,0.0,0.0,0.0,0.0,0.0,0.0,0.0,0.0,0.0,0.0,0.0,0.0,0.0,0.0,0.0,0.0,0.0
483,29592.0,2019-09-30,5,0.0,1.7,0.0,0.0,0.0,157,0.0,0.0,0.0,0.0,0.0,0.0,0.0,0.0,0.0,0.0,0.0,0.0,0.0,0.0,0.0,0.0,0.0,0.0,0.0,0.0,0.0,0.0,0.0
484,29592.0,2019-10-01,3,0.0,5.5,0.0,0.0,0.0,15,0.0,0.0,0.0,0.0,0.0,0.0,0.0,0.0,0.0,0.0,0.0,0.0,0.0,0.0,0.0,0.0,0.0,0.0,0.0,0.0,0.0,0.0,0.0
485,29592.0,2019-10-05,2,0.0,4.25,0.0,0.0,0.0,22,0.0,0.0,0.0,0.0,0.0,0.0,0.0,0.0,0.0,0.0,0.0,0.0,0.0,0.0,0.0,0.0,0.0,0.0,0.0,0.0,0.0,0.0,0.0
486,29592.0,2019-10-10,2,0.0,3.0,0.0,0.0,0.0,14,0.0,0.0,0.0,0.0,0.0,0.0,0.0,0.0,0.0,0.0,0.0,0.0,0.0,0.0,0.0,0.0,0.0,0.0,0.0,0.0,0.0,0.0,0.0
487,29592.0,2019-10-22,4,0.0,2.5,0.0,0.0,0.0,288,0.0,0.0,0.0,0.0,0.0,0.0,0.0,0.0,0.0,0.0,0.0,0.0,0.0,0.0,0.0,0.0,0.0,0.0,0.0,0.0,0.0,0.0,0.0
488,29592.0,2019-10-23,3,0.0,1.7,0.0,0.0,0.0,35,0.0,0.0,0.0,0.0,0.0,0.0,0.0,0.0,0.0,0.0,0.0,0.0,0.0,0.0,0.0,0.0,0.0,0.0,0.0,0.0,0.0,0.0,0.0
489,29592.0,2019-11-09,3,0.0,3.0,0.0,0.0,0.0,12,0.0,0.0,0.0,0.0,0.0,0.0,0.0,0.0,0.0,0.0,0.0,0.0,0.0,0.0,0.0,0.0,0.0,0.0,0.0,0.0,0.0,0.0,0.0
490,29592.0,2019-11-18,16,0.0,7.25,0.0,0.0,0.0,59,0.0,0.0,0.0,0.0,0.0,0.0,0.0,1.0,0.0,0.0,0.0,0.0,0.0,0.0,0.0,0.0,0.0,0.0,0.0,0.0,0.0,0.0,0.0
491,29592.0,2019-11-19,5,3.0,4.25,0.0,0.0,0.0,28,0.0,0.0,0.0,0.0,0.0,0.0,0.0,0.0,0.0,0.0,0.0,0.0,0.0,0.0,0.0,0.0,0.0,0.0,0.0,0.0,0.0,0.0,0.0
492,29592.0,2019-11-21,3,0.0,9.25,0.0,0.0,0.0,70,0.0,0.0,0.0,0.0,0.0,0.0,0.0,0.0,0.0,0.0,0.0,0.0,0.0,0.0,0.0,0.0,0.0,0.0,0.0,0.0,0.0,0.0,0.0
493,29642.0,2019-12-03,230,3.0,0.0,0.0,0.0,0.0,394,0.0,0.0,0.0,0.0,0.0,0.0,0.0,0.0,0.0,0.0,0.0,0.0,0.0,0.0,0.0,0.0,0.0,0.0,0.0,0.0,0.0,0.0,0.0
494,29864.0,2019-10-17,1,0.0,1.7,0.0,0.0,0.0,2,0.0,0.0,0.0,0.0,0.0,0.0,0.0,0.0,0.0,0.0,0.0,0.0,0.0,0.0,0.0,0.0,0.0,0.0,0.0,0.0,0.0,0.0,0.0
495,310.0,2019-10-10,4,0.0,4.25,0.0,0.0,0.0,39,0.0,0.0,0.0,0.0,0.0,0.0,0.0,0.0,0.0,0.0,0.0,0.0,0.0,0.0,0.0,0.0,0.0,0.0,0.0,0.0,0.0,0.0,0.0
496,3102021.0,2019-11-27,4,0.0,3.0,0.0,0.0,0.0,10,0.0,0.0,0.0,0.0,0.0,0.0,0.0,0.0,0.0,0.0,0.0,0.0,0.0,0.0,0.0,0.0,0.0,0.0,0.0,1.0,0.0,0.0,0.0
497,31362.0,2019-11-09,1,0.0,3.0,0.0,0.0,0.0,1,0.0,0.0,0.0,0.0,0.0,0.0,0.0,0.0,0.0,0.0,0.0,0.0,0.0,0.0,0.0,0.0,0.0,0.0,0.0,0.0,0.0,0.0,0.0
498,32239.0,2019-11-14,6,0.0,4.0,0.0,0.0,0.0,204,0.0,0.0,0.0,0.0,0.0,0.0,0.0,0.0,0.0,0.0,0.0,0.0,0.0,0.0,0.0,0.0,0.0,0.0,0.0,0.0,0.0,0.0,0.0
499,33055.0,2019-11-04,5,0.0,3.0,0.0,0.0,0.0,5,0.0,0.0,0.0,0.0,0.0,0.0,0.0,0.0,0.0,0.0,0.0,0.0,0.0,0.0,0.0,0.0,0.0,0.0,0.0,0.0,0.0,0.0,0.0
